House Id,Lot Area,Overall Quality,Overall Condition,Year Built,Basement Area,Ground Floor Area,Second Floor Area,Living Area,Bathrooms,Bedrooms,Fireplaces,Garage Area,Deck Area,Sale Price
1,8450,7,5,2003,856,856,854,1710,4,3,0,548,0,208500
2,9600,6,8,1976,1262,1262,0,1262,3,3,1,460,298,181500
3,11250,7,5,2001,920,920,866,1786,4,3,1,608,0,223500
4,9550,7,5,1915,756,961,756,1717,2,3,1,642,0,140000
5,14260,8,5,2000,1145,1145,1053,2198,4,4,1,836,192,250000
6,14115,5,5,1993,796,796,566,1362,3,1,0,480,40,143000
7,10084,8,5,2004,1686,1694,0,1694,3,3,1,636,255,307000
8,10382,7,6,1973,1107,1107,983,2090,4,3,2,484,235,200000
9,6120,7,5,1931,952,1022,752,1774,2,2,2,468,90,129900
10,7420,5,6,1939,991,1077,0,1077,2,2,2,205,0,118000
11,11200,5,5,1965,1040,1040,0,1040,2,3,0,384,0,129500
12,11924,9,5,2005,1175,1182,1142,2324,4,4,2,736,147,345000
13,12968,5,6,1962,912,912,0,912,2,2,0,352,140,144000
14,10652,7,5,2006,1494,1494,0,1494,2,3,1,840,160,279500
15,10920,6,5,1960,1253,1253,0,1253,3,2,1,352,0,157000
16,6120,7,8,1929,832,854,0,854,1,2,0,576,48,132000
17,11241,6,7,1970,1004,1004,0,1004,2,2,1,480,0,149000
18,10791,4,5,1967,0,1296,0,1296,2,2,0,516,0,90000
19,13695,5,5,2004,1114,1114,0,1114,3,3,0,576,0,159000
20,7560,5,6,1958,1029,1339,0,1339,1,3,0,294,0,139000
21,14215,8,5,2005,1158,1158,1218,2376,4,4,1,853,240,325300
22,7449,7,7,1930,637,1108,0,1108,1,3,1,280,0,139400
23,9742,8,5,2002,1777,1795,0,1795,2,3,1,534,171,230000
24,4224,5,7,1976,1040,1060,0,1060,2,3,1,572,100,129900
25,8246,5,8,1968,1060,1060,0,1060,2,3,1,270,406,154000
26,14230,8,5,2007,1566,1600,0,1600,2,3,1,890,0,256300
27,7200,5,7,1951,900,900,0,900,2,3,0,576,222,134800
28,11478,8,5,2007,1704,1704,0,1704,3,3,1,772,0,306000
29,16321,5,6,1957,1484,1600,0,1600,2,2,2,319,288,207500
30,6324,4,6,1927,520,520,0,520,1,1,0,240,49,68500
31,8500,4,4,1920,649,649,668,1317,1,3,0,250,0,40000
32,8544,5,6,1966,1228,1228,0,1228,2,3,0,271,0,149350
33,11049,8,5,2007,1234,1234,0,1234,2,3,0,484,0,179900
34,10552,5,5,1959,1398,1700,0,1700,3,4,1,447,0,165500
35,7313,9,5,2005,1561,1561,0,1561,3,2,1,556,203,277500
36,13418,8,5,2004,1117,1132,1320,2452,4,4,1,691,113,309000
37,10859,5,5,1994,1097,1097,0,1097,2,3,0,672,392,145000
38,8532,5,6,1954,1297,1297,0,1297,2,3,1,498,0,153000
39,7922,5,7,1953,1057,1057,0,1057,2,3,0,246,0,109000
40,6040,4,5,1955,0,1152,0,1152,2,2,0,0,0,82000
41,8658,6,5,1965,1088,1324,0,1324,2,3,1,440,0,160000
42,16905,5,6,1959,1350,1328,0,1328,3,2,2,308,0,170000
43,9180,5,7,1983,840,884,0,884,2,2,0,504,240,144000
44,9200,5,6,1975,938,938,0,938,2,3,0,308,145,130250
45,7945,5,6,1959,1150,1150,0,1150,2,3,0,300,0,141000
46,7658,9,5,2005,1752,1752,0,1752,3,2,1,576,196,319900
47,12822,7,5,2003,1434,1518,631,2149,3,1,1,670,168,239686
48,11096,8,5,2006,1656,1656,0,1656,2,3,0,826,0,249700
49,4456,4,5,1920,736,736,716,1452,2,2,0,0,0,113000
50,7742,5,7,1966,955,955,0,955,2,3,0,386,0,127000
51,13869,6,6,1997,794,794,676,1470,3,3,0,388,0,177000
52,6240,6,6,1934,816,816,0,1176,1,3,1,528,112,114500
53,8472,5,5,1963,816,816,0,816,2,2,0,516,106,110000
54,50271,9,5,1981,1842,1842,0,1842,3,0,1,894,857,385000
55,7134,5,5,1955,384,1360,0,1360,1,3,1,572,0,130000
56,10175,6,5,1964,1425,1425,0,1425,2,3,1,576,0,180500
57,2645,8,5,1999,970,983,756,1739,4,3,0,480,115,172500
58,11645,7,5,2004,860,860,860,1720,3,3,0,565,0,196500
59,13682,10,5,2006,1410,1426,1519,2945,4,3,1,641,192,438780
60,7200,5,7,1972,780,780,0,780,1,2,0,352,196,124900
61,13072,6,5,2004,1158,1158,0,1158,3,3,0,576,0,158000
62,7200,5,7,1920,530,581,530,1111,1,3,0,288,0,101000
63,6442,8,5,2006,1370,1370,0,1370,2,2,1,484,120,202500
64,10300,7,6,1921,576,902,808,1710,2,3,0,480,12,140000
65,9375,7,5,1997,1057,1057,977,2034,4,3,0,645,576,219500
66,9591,8,5,2004,1143,1143,1330,2473,3,4,1,852,192,317000
67,19900,7,5,1970,1947,2207,0,2207,3,3,1,576,301,180000
68,10665,7,5,2003,1453,1479,0,1479,3,3,0,558,144,226000
69,4608,4,6,1945,747,747,0,747,1,2,0,220,0,80000
70,15593,7,4,1953,1304,1304,983,2287,2,3,1,667,0,225000
71,13651,7,6,1973,2223,2223,0,2223,3,3,2,516,300,244000
72,7599,4,6,1982,845,845,0,845,2,2,0,360,0,129500
73,10141,7,5,1998,832,885,833,1718,3,3,1,427,0,185000
74,10200,5,7,1954,1086,1086,0,1086,2,3,0,490,0,144900
75,5790,3,6,1915,840,840,765,1605,2,3,0,379,0,107400
76,1596,4,5,1973,462,526,462,988,2,2,0,297,120,91000
77,8475,4,7,1956,952,952,0,952,1,2,0,283,0,135750
78,8635,5,5,1948,672,1072,213,1285,2,2,0,240,0,127000
79,10778,4,5,1968,1768,1768,0,1768,2,4,0,0,0,136500
80,10440,5,6,1910,440,682,548,1230,2,2,0,440,74,110000
81,13000,6,6,1968,896,1182,960,2142,3,4,1,509,0,193500
82,4500,6,5,1998,1237,1337,0,1337,3,2,0,405,0,153500
83,10206,8,5,2007,1563,1563,0,1563,2,3,1,758,144,245000
84,8892,5,5,1960,1065,1065,0,1065,2,3,0,461,74,126500
85,8530,7,5,1995,384,804,670,1474,3,3,1,400,120,168500
86,16059,8,5,1991,1288,1301,1116,2417,3,4,1,462,127,260000
87,11911,6,5,2005,684,684,876,1560,3,3,1,400,100,174000
88,3951,6,5,2009,612,612,612,1224,3,2,0,528,0,164500
89,8470,3,2,1915,1013,1013,0,1526,1,2,0,0,0,85000
90,8070,4,5,1994,990,990,0,990,2,3,0,0,0,123600
91,7200,4,5,1950,0,1040,0,1040,1,2,0,420,0,109900
92,8500,5,3,1961,1235,1235,0,1235,1,2,0,480,0,98600
93,13360,5,7,1921,876,964,0,964,2,2,0,432,0,163500
94,7200,6,6,1910,1214,1260,1031,2291,3,4,1,506,0,133900
95,9337,6,5,1997,824,905,881,1786,4,3,0,684,0,204750
96,9765,6,8,1993,680,680,790,1470,3,3,1,420,232,185000
97,10264,7,5,1999,1588,1588,0,1588,2,3,0,472,158,214000
98,10921,4,5,1965,960,960,0,960,2,3,0,432,120,94750
99,10625,5,5,1920,458,835,0,835,1,2,0,366,0,83000
100,9320,4,5,1959,950,1225,0,1225,3,3,0,0,352,128950
101,10603,6,7,1977,1610,1610,0,1610,3,3,2,480,168,205000
102,9206,6,5,1985,741,977,755,1732,3,3,1,476,192,178000
103,7018,5,5,1979,0,1535,0,1535,2,4,0,410,0,118964
104,10402,7,5,2009,1226,1226,0,1226,2,3,0,740,0,198900
105,7758,7,4,1931,1040,1226,592,1818,2,4,2,240,0,169500
106,9375,8,5,2003,1053,1053,939,1992,3,3,1,648,140,250000
107,10800,4,7,1885,641,1047,0,1047,1,2,0,273,0,100000
108,6000,5,5,1948,789,789,0,789,1,2,0,250,0,115000
109,8500,5,7,1919,793,997,520,1517,2,3,0,0,0,115000
110,11751,6,6,1977,1844,1844,0,1844,2,3,1,546,0,190000
111,9525,6,4,1954,994,1216,639,1855,2,4,0,325,182,136900
112,7750,7,5,2000,384,774,656,1430,3,3,1,400,180,180000
113,9965,7,5,2007,1264,1282,1414,2696,4,4,1,792,120,383970
114,21000,6,5,1953,1809,2259,0,2259,3,3,2,450,166,217000
115,7259,6,8,1945,1028,1436,884,2320,4,3,1,180,224,259500
116,3230,6,5,1999,729,729,729,1458,3,2,1,440,0,176000
117,11616,5,5,1962,1092,1092,0,1092,2,3,1,288,0,139000
118,8536,5,5,2006,1125,1125,0,1125,2,2,0,430,80,155000
119,12376,7,5,1990,1673,1699,1523,3222,4,5,2,594,367,320000
120,8461,6,5,2005,728,728,728,1456,3,3,1,390,0,163990
121,21453,6,5,1969,938,988,0,988,2,1,2,540,0,180000
122,6060,4,5,1939,732,772,351,1123,1,3,0,264,0,100000
123,9464,6,7,1958,1080,1080,0,1080,1,3,0,288,0,136000
124,7892,6,5,1993,1199,1199,0,1199,2,2,0,530,0,153900
125,17043,6,5,1979,1362,1586,0,1586,2,3,1,435,192,181000
126,6780,6,8,1935,520,520,0,754,2,2,0,0,53,84500
127,4928,6,5,1976,1078,958,0,958,2,2,1,440,0,128000
128,4388,5,7,1930,672,840,0,840,1,3,1,0,0,87000
129,7590,6,5,1966,660,660,688,1348,2,3,1,453,188,155000
130,8973,5,7,1958,1008,1053,0,1053,3,3,0,750,0,150000
131,14200,7,6,1966,924,1216,941,2157,3,4,2,487,105,226000
132,12224,6,5,2000,992,1022,1032,2054,4,3,1,390,24,244000
133,7388,5,6,1959,1063,1327,0,1327,2,3,0,624,0,150750
134,6853,8,5,2001,1267,1296,0,1296,3,2,0,471,192,220000
135,10335,5,6,1968,1461,1721,0,1721,3,3,1,440,0,180000
136,10400,7,6,1970,1304,1682,0,1682,2,3,1,530,98,174000
137,10355,5,5,1967,1214,1214,0,1214,2,3,1,318,0,143000
138,11070,7,5,1988,1907,1959,0,1959,3,5,0,766,0,171000
139,9066,8,5,1999,1004,1004,848,1852,3,3,2,660,224,230000
140,15426,6,5,1997,928,928,836,1764,4,3,0,470,276,231500
141,10500,4,5,1971,864,864,0,864,1,3,1,0,0,115000
142,11645,7,5,2005,1734,1734,0,1734,3,3,0,660,160,260000
143,8520,5,4,1952,910,910,475,1385,2,4,0,720,0,166000
144,10335,7,5,1999,1490,1501,0,1501,3,3,0,577,144,204000
145,9100,5,5,1963,1728,1728,0,1728,3,6,0,504,0,125000
146,2522,6,5,2004,970,970,739,1709,2,3,0,380,0,130000
147,6120,5,7,1931,715,875,0,875,2,2,0,180,48,105000
148,9505,7,5,2001,884,884,1151,2035,3,3,1,434,144,222500
149,7500,7,5,2004,1080,1080,0,1080,2,3,0,0,0,141000
150,6240,5,4,1936,896,896,448,1344,1,3,0,240,200,115000
151,10356,5,6,1975,969,969,0,969,2,3,0,440,0,122000
152,13891,8,5,2007,1710,1710,0,1710,3,2,1,866,0,372402
153,14803,6,5,1971,825,1097,896,1993,3,4,1,495,0,190000
154,13500,6,7,1960,1602,1252,0,1252,2,1,1,564,409,235000
155,11340,6,5,1923,1200,1200,0,1200,1,4,0,312,0,125000
156,9600,6,5,1924,572,572,524,1096,1,2,0,0,0,79000
157,7200,5,7,1950,0,1040,0,1040,1,2,0,625,0,109500
158,12003,8,5,2009,774,774,1194,1968,3,4,1,680,0,269500
159,12552,7,5,2004,991,991,956,1947,3,3,1,678,0,254900
160,19378,7,5,2005,1392,1392,1070,2462,4,4,1,576,239,320000
161,11120,6,6,1984,1232,1232,0,1232,2,3,0,516,0,162500
162,13688,9,5,2003,1572,1572,1096,2668,4,3,2,726,400,412500
163,12182,7,5,2005,1541,1541,0,1541,2,3,1,532,0,220000
164,5500,4,6,1956,882,882,0,882,1,1,0,0,0,103200
165,5400,6,7,1926,1149,1149,467,1616,2,3,0,216,0,152000
166,10106,5,7,1940,644,808,547,1355,3,4,0,0,140,127500
167,10708,5,5,1955,1617,1867,0,1867,2,2,3,303,476,190000
168,10562,8,5,2007,1582,1610,551,2161,3,3,1,789,178,325624
169,8244,7,5,2004,840,840,880,1720,3,3,1,440,100,183500
170,16669,8,6,1981,1686,1707,0,1707,3,2,1,511,574,228000
171,12358,5,6,1941,720,854,0,1382,2,2,0,660,237,128500
172,31770,6,5,1960,1080,1656,0,1656,2,3,2,528,210,215000
173,5306,7,7,1987,1064,1064,703,1767,3,2,1,504,441,239000
174,10197,6,5,1961,1362,1362,0,1362,3,3,1,504,0,163000
175,12416,6,5,1986,1606,1651,0,1651,3,3,1,616,192,184000
176,12615,6,7,1950,1202,2158,0,2158,3,4,1,576,0,243000
177,10029,6,5,1988,1151,1164,896,2060,4,4,1,521,0,211000
178,13650,5,5,1958,1052,1252,668,1920,3,4,1,451,0,172500
179,17423,9,5,2008,2216,2234,0,2234,3,1,1,1166,0,501837
180,8520,5,6,1923,968,968,0,968,1,2,0,480,0,100000
181,2117,6,5,2000,756,769,756,1525,3,3,1,440,0,177000
182,7588,7,6,1920,793,901,901,1802,2,4,1,216,0,200100
183,9060,5,6,1957,0,1340,0,1340,1,3,1,252,116,120000
184,11426,7,5,2003,1362,1362,720,2082,3,3,0,484,280,200000
185,7438,5,8,1908,504,936,316,1252,1,3,0,576,104,127000
186,22950,10,9,1892,1107,1518,1518,3608,3,4,2,840,0,475000
187,9947,7,5,1990,1188,1217,0,1217,3,3,0,497,168,173000
188,10410,5,7,1916,660,808,704,1656,3,3,0,180,0,135000
189,7018,5,5,1979,1086,1224,0,1224,4,2,2,528,120,153337
190,4923,8,5,2001,1593,1593,0,1593,3,0,1,682,0,286000
191,10570,8,8,1932,853,1549,1178,2727,3,3,2,440,0,315000
192,7472,7,9,1972,725,725,754,1479,3,4,0,484,0,184000
193,9017,7,5,1999,1431,1431,0,1431,3,3,0,666,0,192000
194,2522,7,5,2004,970,970,739,1709,2,3,0,380,0,130000
195,7180,5,7,1972,864,864,0,864,1,3,0,352,0,127000
196,2280,6,6,1976,855,855,601,1456,3,3,1,440,87,148500
197,9416,7,5,2007,1726,1726,0,1726,3,3,1,786,171,311872
198,25419,8,4,1918,1360,1360,1360,3112,4,4,1,795,0,235000
199,5520,6,6,1912,755,929,929,2229,1,5,0,0,0,104000
200,9591,8,5,2004,1713,1713,0,1713,3,3,1,856,0,274900
201,8546,4,5,2003,1121,1121,0,1121,2,2,0,440,132,140000
202,10125,6,6,1977,1196,1279,0,1279,3,3,2,473,238,171500
203,7000,6,6,1924,617,865,445,1310,2,2,0,398,0,112000
204,4438,6,5,2004,848,848,0,848,2,1,1,420,149,149000
205,3500,5,7,1947,720,720,564,1284,2,2,0,240,0,110000
206,11851,7,5,1990,1424,1442,0,1442,2,3,0,500,0,180500
207,13673,5,5,1962,1140,1696,0,1696,2,3,1,349,0,143900
208,12493,4,5,1960,1100,1100,0,1100,2,3,1,312,355,141000
209,14364,7,5,1988,1157,1180,882,2062,4,3,1,454,60,277000
210,8250,6,7,1964,1092,1092,0,1092,2,3,0,504,0,145000
211,5604,5,6,1925,864,864,0,864,2,2,0,0,0,98000
212,10420,6,5,2009,1212,1212,0,1212,2,3,0,460,100,186000
213,8640,7,5,2009,900,932,920,1852,4,3,1,644,168,252678
214,13568,5,5,1995,990,990,0,990,2,3,0,576,224,156000
215,10900,6,7,1977,689,689,703,1392,2,3,0,299,0,161750
216,10011,5,6,1957,1070,1236,0,1236,2,2,1,447,0,134450
217,8450,7,5,2004,1436,1436,0,1436,3,3,0,484,139,210000
218,9906,4,4,1925,686,810,518,1328,1,3,0,210,0,107000
219,15660,7,9,1939,798,1137,817,1954,3,3,2,431,0,311500
220,3010,7,5,2005,1248,1248,0,1248,2,2,0,438,108,167240
221,8990,7,5,2006,1498,1498,0,1498,2,2,0,675,351,204900
222,8068,6,5,2002,1010,1010,1257,2267,3,4,1,390,120,200000
223,11475,6,6,1975,713,811,741,1552,4,3,1,434,209,179900
224,10500,4,6,1971,864,864,0,864,1,2,0,576,216,97000
225,13472,10,5,2003,2392,2392,0,2392,2,3,1,968,248,386250
226,1680,5,5,1971,630,630,672,1302,3,3,0,280,0,112000
227,9950,7,5,1995,1203,1214,1306,2520,3,4,1,721,224,290000
228,1869,6,6,1970,483,483,504,987,2,2,0,280,0,106000
229,8521,5,5,1967,912,912,0,912,1,3,1,336,0,125000
230,3182,7,5,2005,1373,1555,0,1555,2,2,1,430,143,192500
231,8760,6,6,1959,1194,1194,0,1194,2,3,0,312,0,148000
232,15138,8,5,1995,1462,1490,1304,2794,4,4,1,810,0,403000
233,1680,6,5,1972,483,483,504,987,2,2,1,288,0,94500
234,10650,5,6,1976,894,894,0,894,2,3,0,308,365,128200
235,7851,6,5,2002,860,860,1100,1960,4,4,2,440,288,216500
236,1680,6,3,1971,483,483,504,987,2,2,0,264,0,89500
237,8773,7,5,2004,1414,1414,0,1414,2,3,0,494,132,185500
238,9453,7,7,1993,996,1014,730,1744,3,3,0,457,370,194500
239,12030,8,5,2007,1694,1694,0,1694,2,3,0,818,168,318000
240,8741,6,4,1945,735,798,689,1487,2,3,1,220,0,113000
241,9000,8,5,2008,1566,1566,0,1566,3,3,0,750,144,262500
242,3880,5,9,1945,686,866,0,866,1,2,0,0,58,110500
243,5000,5,4,1900,540,889,551,1440,1,3,0,352,0,79000
244,10762,6,6,1980,626,626,591,1217,2,3,1,288,0,120000
245,8880,7,5,1994,948,1222,888,2110,4,3,2,463,0,205000
246,10400,7,5,1988,1845,1872,0,1872,3,3,1,604,197,241500
247,9142,6,8,1910,1020,908,1020,1928,2,4,0,440,0,137000
248,11310,6,5,1954,1367,1375,0,1375,1,2,1,451,0,140000
249,11317,7,5,2003,840,840,828,1668,3,3,0,500,144,180000
250,159000,6,7,1958,1444,1444,700,2144,3,4,2,389,0,277000
251,5350,3,2,1940,728,1306,0,1306,1,3,0,0,263,76500
252,4750,8,5,2006,1573,1625,0,1625,4,2,1,538,123,235000
253,8366,6,5,2004,798,798,842,1640,3,3,0,520,138,173000
254,9350,6,7,1964,1302,1302,0,1302,3,3,0,309,333,158000
255,8400,5,6,1957,1314,1314,0,1314,2,3,0,294,250,145000
256,8738,7,5,1999,975,1005,1286,2291,3,4,1,429,192,230000
257,8791,6,5,2003,864,864,864,1728,3,3,0,673,216,207500
258,8814,7,5,2006,1604,1604,0,1604,4,3,1,660,123,220000
259,12435,7,5,2001,963,963,829,1792,3,3,1,564,0,231500
260,12702,5,5,1956,0,882,0,882,1,2,0,308,0,97000
261,19296,6,5,1962,1362,1382,0,1382,2,3,1,884,0,176000
262,9588,8,5,2007,1482,1482,1092,2574,3,3,1,868,0,276000
263,8471,6,7,1977,506,1212,0,1212,2,3,1,492,292,151000
264,5500,5,7,1929,926,926,0,1316,2,3,0,484,0,130000
265,5232,5,5,1925,680,764,0,764,1,2,0,504,0,73000
266,12090,6,6,1981,1422,1422,0,1422,2,3,1,576,276,175500
267,11207,6,5,1997,802,802,709,1511,4,3,1,413,95,185000
268,8400,5,8,1939,720,1052,720,2192,3,4,1,240,262,179500
269,6900,5,6,1940,740,778,0,778,1,2,1,924,0,120500
270,7917,6,7,1976,1143,1113,0,1113,3,3,1,504,370,148000
271,10728,8,5,2006,1095,1095,844,1939,3,3,1,1053,192,266000
272,39104,7,7,1954,1385,1363,0,1363,2,2,2,439,81,241500
273,11764,8,7,1999,1152,1164,1106,2270,3,4,1,671,132,290000
274,9600,6,6,1958,1240,1632,0,1632,3,3,1,338,289,139000
275,8314,5,7,1982,816,816,0,816,1,2,0,264,168,124500
276,7264,7,7,1925,952,952,596,1548,3,3,0,672,74,205000
277,9196,7,5,2003,1560,1560,0,1560,2,3,0,573,100,201000
278,19138,4,5,1951,864,864,0,864,1,2,0,400,0,141000
279,14450,9,5,2006,2121,2121,0,2121,3,3,1,732,124,415298
280,10005,7,5,1977,1160,1156,866,2022,3,4,1,505,288,192000
281,11287,7,6,1989,807,1175,807,1982,3,3,1,575,0,228500
282,7200,6,5,2006,1262,1262,0,1262,2,2,0,572,0,185000
283,5063,7,5,2007,1314,1314,0,1314,3,2,1,626,172,207500
284,9612,8,5,2008,1468,1468,0,1468,2,3,1,898,210,244600
285,8012,6,5,1992,1575,1575,0,1575,3,2,0,529,0,179200
286,4251,7,5,2006,625,625,625,1250,3,2,0,528,0,164700
287,9786,6,7,1962,912,1085,649,1734,2,3,1,440,0,159000
288,8125,4,4,1971,858,858,0,858,1,3,0,0,0,88000
289,9819,5,5,1967,882,900,0,900,1,3,0,280,0,122000
290,8730,6,7,1915,698,698,698,1396,1,3,0,384,0,153575
291,15611,8,5,2006,1079,1079,840,1919,3,3,1,685,0,233230
292,5687,5,6,1912,780,936,780,1716,3,6,0,0,0,135900
293,11409,5,4,1949,768,1148,568,1716,2,3,1,281,0,131000
294,16659,7,7,1977,795,1468,795,2263,4,3,1,539,0,235000
295,9600,6,5,1953,1416,1644,0,1644,2,3,2,418,110,167000
296,7937,6,6,1984,1003,1003,0,1003,2,3,0,588,120,142500
297,13710,5,5,1950,910,910,648,1558,2,4,0,282,289,152000
298,7399,7,5,1997,975,975,975,1950,3,3,1,576,0,239000
299,11700,6,6,1968,702,1041,702,1743,4,3,1,539,224,175000
300,14000,6,8,1950,1092,1152,0,1152,2,3,1,300,0,158500
301,15750,5,5,1953,1165,1336,0,1336,2,2,2,375,0,157000
302,16226,8,5,1998,1028,1210,1242,2452,3,4,1,683,208,267000
303,13704,7,5,2001,1541,1541,0,1541,2,3,1,843,468,205000
304,9800,5,7,1972,894,894,0,894,2,3,0,552,256,149900
305,18386,7,9,1880,1470,1675,1818,3493,3,3,1,870,302,295000
306,10386,8,5,2004,2000,2000,0,2000,3,3,0,888,168,305900
307,13474,7,5,1990,700,1122,1121,2243,4,4,1,746,127,225000
308,7920,6,7,1920,319,1035,371,1406,1,3,0,0,0,89500
309,12342,4,5,1940,861,861,0,861,1,1,0,539,158,82500
310,12378,9,5,2003,1896,1944,0,1944,3,3,3,708,208,360000
311,7685,6,5,1993,697,697,804,1501,3,3,1,420,190,165600
312,8000,6,6,1948,972,972,0,972,2,2,1,240,0,132000
313,7800,5,7,1939,793,793,325,1118,2,3,1,410,0,119900
314,215245,7,5,1965,2136,2036,0,2036,4,3,2,513,0,375000
315,9600,7,7,1925,728,832,809,1641,3,3,1,546,0,178000
316,7795,7,5,2004,716,716,716,1432,4,3,1,432,100,188500
317,13005,7,7,1980,845,1153,1200,2353,4,4,1,484,288,260000
318,9000,8,5,2006,1088,1088,871,1959,3,3,1,1025,208,270000
319,9900,7,5,1993,1347,1372,1274,2646,4,4,1,656,340,260000
320,14115,7,5,1980,1372,1472,0,1472,3,3,2,588,233,187500
321,16259,9,5,2006,1249,1249,1347,2596,4,4,0,840,240,342643
322,12099,8,5,2004,1136,1136,1332,2468,4,4,1,872,184,354000
323,10380,7,5,1986,1502,1553,1177,2730,4,4,1,576,201,301000
324,5820,3,8,1955,1162,1163,0,1163,2,3,0,220,142,126175
325,11275,7,7,1967,710,1898,1080,2978,3,5,1,564,240,242000
326,5000,5,6,1941,720,803,0,803,1,2,0,360,0,87000
327,10846,8,5,1993,1719,1719,0,1719,4,1,2,473,122,324000
328,11600,6,5,1960,1383,1383,0,1383,2,3,0,292,0,145250
329,11888,6,6,1916,844,1445,689,2134,2,5,0,441,0,214500
330,6402,5,5,1920,596,596,596,1192,1,3,0,189,0,78000
331,10624,5,4,1964,1728,1728,0,1728,3,6,0,352,155,119000
332,8176,5,6,1958,1056,1056,0,1056,2,3,0,308,0,139000
333,10655,8,5,2003,3206,1629,0,1629,3,3,1,880,0,284000
334,8198,7,5,2004,1358,1358,0,1358,3,2,1,484,192,207000
335,9042,6,5,1998,943,943,695,1638,4,3,2,472,100,192000
336,164660,5,6,1965,1499,1619,167,1786,4,3,2,529,670,228950
337,14157,9,5,2005,1922,1922,0,1922,3,3,1,676,178,377426
338,9135,7,5,2002,1536,1536,0,1536,3,3,0,532,192,214000
339,14145,7,7,1984,1208,1621,0,1621,3,3,0,440,108,202500
340,12400,6,7,1958,1215,1215,0,1215,1,3,0,297,0,155000
341,14191,8,5,2002,967,993,915,1908,3,4,0,431,135,202900
342,8400,4,4,1950,721,841,0,841,1,2,0,294,250,82000
343,8544,3,4,1949,0,1040,0,1040,2,2,0,400,0,87500
344,8849,9,5,2005,1684,1684,0,1684,2,2,1,564,495,266000
345,2592,5,3,1976,536,536,576,1112,2,3,0,336,182,85000
346,6435,6,5,1939,972,972,605,1577,1,3,1,312,0,140200
347,12772,6,8,1960,958,958,0,958,1,2,0,301,0,151500
348,17600,6,5,1960,1478,1478,0,1478,3,3,2,498,0,157500
349,2448,7,5,2003,764,764,862,1626,4,2,0,474,0,154000
350,20431,9,5,2005,1848,1848,880,2728,4,4,2,706,0,437154
351,7820,9,5,2007,1869,1869,0,1869,2,2,1,617,210,318061
352,5271,7,5,1986,1453,1453,0,1453,3,2,1,445,0,190000
353,9084,5,6,1941,616,616,495,1111,2,3,0,200,48,95000
354,8520,6,8,1928,624,720,0,720,1,2,0,484,106,105900
355,8400,6,5,1940,940,1192,403,1595,1,2,2,240,0,140000
356,11249,6,5,1995,1200,1200,0,1200,3,3,0,521,0,177500
357,9248,6,6,1992,1158,1167,0,1167,3,3,0,400,120,173000
358,4224,5,5,1976,1142,1142,0,1142,3,3,1,528,536,134000
359,6930,5,4,1958,1062,1352,0,1352,2,3,0,288,168,130000
360,12011,8,5,1998,1086,1086,838,1924,4,3,1,592,208,280000
361,7540,6,6,1978,888,912,0,912,2,2,1,470,0,156000
362,9144,5,5,1940,883,988,517,1505,2,3,0,240,0,145000
363,7301,7,5,2003,0,495,1427,1922,3,4,1,672,0,198500
364,1680,6,8,1972,483,483,504,987,2,2,0,264,250,118000
365,18800,6,5,1976,796,790,784,1574,4,3,1,566,306,190000
366,10690,5,7,1920,672,672,672,1344,1,3,0,468,0,147000
367,9500,6,5,1963,1394,1394,0,1394,3,3,2,514,0,159000
368,9150,6,5,1962,1099,1431,0,1431,2,3,1,296,64,165000
369,7800,5,6,1954,1268,1268,0,1268,1,2,1,244,0,132000
370,9830,5,7,1959,1063,1287,0,1287,2,3,1,576,364,162000
371,8121,6,5,2000,953,953,711,1664,3,3,1,460,100,172400
372,17120,4,4,1959,0,1120,468,1588,2,4,1,680,0,134432
373,7175,6,5,1984,744,752,0,752,2,2,0,264,353,125000
374,10634,5,6,1953,608,1319,0,1319,2,3,0,270,66,123000
375,8200,7,5,2003,847,847,1081,1928,3,4,1,434,100,219500
376,10020,1,1,1922,683,904,0,904,2,1,0,0,0,61000
377,8846,5,5,1996,870,914,0,914,1,2,0,576,0,148000
378,11143,8,5,2004,1580,1580,886,2466,3,4,1,610,159,340000
379,11394,9,2,2010,1856,1856,0,1856,3,1,1,834,113,394432
380,8123,6,5,2000,982,1007,793,1800,3,3,1,463,100,179000
381,5000,5,6,1924,1026,1026,665,1691,2,3,1,308,0,127000
382,7200,7,5,2006,1293,1301,0,1301,3,2,1,572,216,187750
383,9245,7,5,2006,939,939,858,1797,3,3,0,639,144,213500
384,9000,6,3,1928,784,784,0,784,1,2,0,360,0,76000
385,53107,6,5,1992,1580,1079,874,1953,4,3,2,501,216,240000
386,3182,8,5,2004,1256,1269,0,1269,2,2,1,430,146,192000
387,8410,5,3,1910,658,658,526,1184,1,5,0,0,0,81000
388,7200,6,6,1976,1041,1125,0,1125,2,3,1,352,296,125000
389,9382,7,5,1999,1468,1479,0,1479,2,3,0,577,120,191000
390,12474,10,5,2007,1682,1742,590,2332,4,3,1,846,196,426000
391,8405,5,8,1900,861,961,406,1367,2,4,0,384,0,119000
392,12209,6,5,2001,804,804,1157,1961,4,3,1,560,125,215000
393,8339,5,7,1959,0,882,0,882,1,3,0,294,0,106500
394,7446,4,5,1941,788,788,0,788,1,2,2,0,0,100000
395,10134,5,6,1940,735,735,299,1034,1,2,0,240,0,109000
396,9571,5,6,1956,1144,1144,0,1144,2,3,0,596,44,129000
397,7200,5,5,1972,894,894,0,894,1,2,0,600,215,123000
398,7590,5,5,1962,864,876,936,1812,2,4,1,264,0,169500
399,8967,5,2,1920,961,1077,0,1077,1,2,0,338,0,67000
400,8125,7,5,2006,1092,1112,438,1550,3,2,0,438,0,241000
401,14963,8,5,1996,1260,1288,0,1288,3,1,2,500,120,245500
402,8767,7,5,2005,1310,1310,0,1310,2,3,1,400,0,164990
403,10200,5,8,1940,672,672,0,672,1,2,0,240,168,108000
404,12090,8,5,1998,1141,1165,1098,2263,3,4,1,420,144,258000
405,10364,6,5,1995,806,806,766,1572,3,3,1,373,0,168000
406,9991,4,4,1976,1281,1620,0,1620,3,3,1,490,120,150000
407,10480,6,5,1936,1064,1166,0,1639,1,3,0,240,0,115000
408,15576,6,7,1915,840,840,840,1680,2,4,0,308,0,177000
409,14154,7,5,2006,1063,1071,1101,2172,3,3,1,947,192,280000
410,10800,8,5,2007,1034,1050,1028,2078,4,3,1,836,0,339750
411,9571,5,3,1958,1276,1276,0,1276,1,3,0,350,0,60000
412,34650,5,5,1955,1056,1056,0,1056,2,3,0,572,264,145000
413,4403,7,5,2009,1470,1478,0,1478,4,2,1,484,0,222000
414,8960,5,6,1927,1008,1028,0,1028,1,2,1,360,0,115000
415,11228,7,5,1993,1080,1080,1017,2097,4,3,1,678,196,228000
416,8899,7,5,2007,1340,1340,0,1340,2,3,0,396,100,181134
417,7844,6,7,1978,672,672,728,1400,2,3,1,440,0,149500
418,22420,6,6,1918,1370,1370,1254,2624,4,4,1,864,0,239000
419,8160,5,6,1940,756,756,378,1134,3,3,0,240,0,126000
420,8450,5,6,1968,1056,1056,0,1056,2,3,1,304,0,142000
421,7060,7,5,1997,1344,1344,0,1344,4,2,0,784,0,206300
422,16635,6,7,1977,1602,1602,0,1602,3,3,1,529,240,215000
423,21750,5,5,1954,988,988,0,988,1,2,0,520,0,113000
424,9200,8,5,1998,1470,1470,1160,2630,4,4,1,696,0,315000
425,9000,6,5,1956,1196,1196,0,1196,2,2,1,297,0,139000
426,3378,7,8,1946,651,707,682,1389,2,3,2,240,0,135000
427,12800,7,5,1989,1518,1644,0,1644,4,2,1,569,80,275000
428,8593,4,6,1957,907,907,0,907,1,3,0,352,0,109008
429,6762,7,5,2007,1208,1208,0,1208,3,2,0,628,105,195400
430,11457,6,5,1988,1392,1412,0,1412,3,3,1,576,0,175000
431,1680,6,5,1971,483,483,504,987,2,2,0,264,0,85400
432,5586,6,7,1920,901,1088,110,1198,1,4,0,0,0,79900
433,1920,5,5,1971,765,765,600,1365,3,2,0,440,240,122500
434,10839,6,5,1997,926,926,678,1604,3,3,1,470,0,181000
435,1890,4,7,1972,630,630,0,630,2,1,0,0,88,81000
436,10667,7,6,1996,799,827,834,1661,4,3,1,550,158,212000
437,4400,6,8,1920,648,734,384,1118,1,2,0,440,0,116000
438,6000,6,7,1926,884,904,0,904,1,2,0,180,0,119000
439,4280,5,6,1913,440,694,0,694,1,2,1,352,0,90350
440,12354,6,8,1920,684,684,512,1196,1,3,0,528,0,110000
441,15431,10,5,2008,3094,2402,0,2402,3,2,2,672,0,555000
442,12108,4,4,1955,1440,1440,0,1440,2,4,0,0,0,118000
443,6240,5,7,1930,1078,1128,445,1573,2,3,1,360,0,162900
444,3922,7,5,2006,1258,1258,0,1258,2,2,1,648,144,172500
445,8750,7,5,1994,915,933,975,1908,4,4,1,493,144,210000
446,9855,6,5,1956,1436,1689,0,1689,1,3,1,480,0,127500
447,16492,6,6,1966,1517,1888,0,1888,3,2,1,578,0,190000
448,11214,7,5,1998,930,956,930,1886,3,4,1,431,89,199900
449,8600,6,6,1937,780,780,596,1376,2,3,1,198,0,119500
450,6000,3,7,1948,649,679,504,1183,2,2,0,308,0,120000
451,5684,6,8,1930,813,813,0,813,1,2,0,270,0,110000
452,70761,7,5,1975,1533,1533,0,1533,3,2,2,576,200,280000
453,9303,6,5,1996,872,888,868,1756,4,3,0,422,144,204000
454,9000,8,5,2008,768,786,804,1590,3,3,0,676,0,210000
455,9297,5,5,1976,1728,1728,0,1728,4,4,0,560,0,188000
456,9600,7,6,1973,1242,1242,0,1242,2,3,1,528,0,175500
457,4571,5,5,1916,624,624,720,1344,1,4,0,513,0,98000
458,53227,4,6,1954,1364,1663,0,1663,2,2,2,529,224,256000
459,5100,8,7,1925,588,833,833,1666,1,3,1,228,192,161000
460,7015,5,4,1950,709,979,224,1203,2,3,1,352,0,110000
461,8004,8,5,2009,832,832,1103,1935,4,3,0,552,0,263435
462,7200,7,9,1936,560,575,560,1135,2,3,0,576,256,155000
463,8281,5,5,1965,864,864,0,864,1,3,1,360,0,62383
464,11988,6,7,1934,715,849,811,1660,2,3,1,240,0,188700
465,8430,5,5,1978,1040,1040,0,1040,2,3,0,0,0,124000
466,3072,7,5,2004,1375,1414,0,1414,2,2,1,398,144,178740
467,10628,7,5,1970,1277,1277,0,1277,2,2,1,526,0,167000
468,9480,5,7,1942,728,888,756,1644,2,3,2,312,168,146500
469,11428,8,5,2006,1626,1634,0,1634,2,3,1,866,0,250000
470,9291,6,5,1993,832,832,878,1710,3,3,0,506,144,187000
471,6820,8,5,1985,1488,1502,0,1502,3,1,0,528,0,212000
472,11952,7,6,1977,808,1161,808,1969,3,3,1,534,0,190000
473,3675,6,5,2005,547,1072,0,1072,2,2,0,525,0,148000
474,14977,8,5,2006,1976,1976,0,1976,3,2,1,908,250,440000
475,5330,8,5,2000,1494,1652,0,1652,3,2,0,499,96,251000
476,8480,5,6,1963,970,970,0,970,2,2,0,624,0,132500
477,13125,6,5,1997,1478,1493,0,1493,3,3,1,508,140,208900
478,13693,9,5,2006,2153,2069,574,2643,3,3,1,694,414,380000
479,10637,8,5,2007,1705,1718,0,1718,3,3,1,826,208,297000
480,5925,4,7,1937,907,1131,0,1131,1,2,0,672,0,89471
481,16033,9,5,2004,1833,1850,0,1850,3,3,1,772,519,326000
482,11846,9,5,2003,1792,1792,0,1792,3,2,1,874,206,374000
483,2500,7,8,1915,910,916,910,1826,3,4,1,164,0,155000
484,4500,6,5,1998,1216,1216,0,1216,3,2,0,402,0,164000
485,7758,5,7,1962,999,999,0,999,2,3,0,264,0,132500
486,9600,5,7,1950,1113,1113,0,1113,1,3,1,264,0,147000
487,10289,5,7,1965,1073,1073,0,1073,3,3,0,515,0,156000
488,12243,5,6,1971,1484,1484,0,1484,2,3,1,487,224,175000
489,10800,5,4,1900,954,1766,648,2414,2,3,1,520,142,160000
490,1526,4,8,1970,630,630,0,630,2,1,0,286,0,86000
491,2665,5,6,1976,264,616,688,1304,2,3,1,336,141,115000
492,9490,6,7,1941,806,958,620,1578,2,3,2,240,0,133000
493,15578,6,5,2006,728,728,728,1456,3,3,0,429,0,172785
494,7931,5,6,1960,1269,1269,0,1269,2,3,1,308,0,155000
495,5784,5,8,1938,190,886,0,886,1,2,0,273,144,91300
496,7879,4,5,1920,720,720,0,720,1,2,0,0,0,34900
497,12692,8,5,1992,3200,3228,0,3228,4,4,1,546,264,430000
498,9120,7,6,1925,1026,1133,687,1820,3,4,0,240,0,184000
499,7800,5,7,1967,864,899,0,899,1,3,0,288,64,130000
500,7535,5,7,1958,912,912,0,912,2,2,0,297,12,120000
501,1890,6,5,1973,672,672,546,1218,2,3,0,264,144,113000
502,9803,7,5,2005,866,866,902,1768,3,3,0,603,0,226700
503,9170,5,7,1965,1214,1214,0,1214,2,2,0,461,0,140000
504,15602,7,8,1959,1501,1801,0,1801,3,1,2,484,0,289000
505,2308,6,5,1974,855,855,467,1322,4,3,1,440,260,147000
506,7596,5,5,1952,960,960,1000,1960,2,4,0,400,0,124500
507,9554,8,5,1993,777,1065,846,1911,3,3,1,471,182,215000
508,7862,6,5,2009,1218,1218,0,1218,2,2,0,676,0,208300
509,9600,7,9,1928,689,689,689,1378,2,3,1,360,0,161000
510,9600,5,6,1959,1041,1041,0,1041,2,3,0,270,224,124500
511,14559,5,7,1951,1008,1363,0,1363,2,2,2,288,324,164900
512,6792,7,5,2005,1368,1368,0,1368,2,2,1,474,132,202665
513,9100,5,5,1958,864,864,0,864,2,3,0,624,0,129900
514,9187,6,5,1983,1084,1080,0,1080,2,3,0,484,120,134000
515,10594,5,5,1926,768,789,0,789,1,2,0,200,0,96500
516,12220,10,5,2009,2006,2020,0,2020,4,3,1,900,156,402861
517,10448,6,6,1972,689,1378,741,2119,3,3,1,583,0,158000
518,10208,7,5,1996,1264,1277,1067,2344,3,3,1,889,220,265000
519,9531,6,5,1998,794,882,914,1796,4,3,0,546,0,211000
520,10918,7,9,1926,1276,1276,804,2080,2,3,2,282,0,234000
521,10800,4,7,1900,0,694,600,1294,2,3,0,0,220,106250
522,11988,6,6,1957,1244,1244,0,1244,2,3,2,336,0,150000
523,5000,6,7,1947,1004,1004,660,1664,2,3,2,420,0,159000
524,40094,10,5,2007,3138,3138,1538,4676,5,3,1,884,208,184750
525,11787,7,5,1996,1379,1383,1015,2398,4,3,1,834,239,315750
526,7500,7,5,2005,1257,1266,0,1266,2,3,1,453,38,176000
527,13300,5,7,1956,928,928,0,928,1,2,0,252,261,132000
528,14948,9,5,2008,1452,1476,1237,2713,4,3,1,858,126,446261
529,9098,4,7,1920,528,605,0,605,2,2,0,0,0,86000
530,32668,6,3,1957,2035,2515,0,2515,4,4,2,484,0,200624
531,10200,6,5,1988,1461,1509,0,1509,3,3,1,600,224,175000
532,6155,6,8,1920,611,751,611,1362,2,3,0,502,0,128000
533,7200,5,7,1955,0,827,0,827,1,2,1,392,0,107500
534,5000,1,3,1946,0,334,0,334,1,1,0,0,0,39300
535,9056,8,5,2004,707,707,707,1414,3,3,1,403,100,178000
536,7000,5,7,1910,1117,820,527,1347,2,3,0,0,85,107500
537,8924,7,5,1998,880,880,844,1724,3,3,0,527,120,188000
538,12735,4,5,1972,864,864,0,864,1,3,0,576,216,111250
539,11553,5,5,1968,1051,1159,0,1159,2,3,1,336,466,158000
540,11423,8,5,2001,1581,1601,0,1601,3,3,1,670,180,272000
541,14601,9,5,2006,1838,1838,0,1838,3,2,1,765,270,315000
542,11000,8,5,2000,969,997,1288,2285,3,4,1,648,0,248000
543,10140,7,5,1998,1650,1680,0,1680,3,3,1,583,78,213250
544,4058,7,5,1998,723,767,0,767,2,1,0,367,120,133000
545,17104,7,5,2006,654,664,832,1496,4,3,1,426,100,179665
546,13837,7,5,1988,1204,1377,806,2183,3,4,0,786,0,229000
547,8737,6,7,1923,1065,915,720,1635,2,3,1,440,0,210000
548,7244,5,7,1970,768,768,0,768,2,2,0,624,104,129500
549,8235,5,7,1955,825,825,0,825,2,2,0,720,140,125000
550,9375,7,5,2003,912,912,1182,2094,3,4,1,615,182,263000
551,4043,6,6,1977,1069,1069,0,1069,2,2,0,440,0,140000
552,6000,5,6,1957,928,928,0,928,1,3,0,288,0,112500
553,11146,8,5,2006,1709,1717,0,1717,2,3,1,908,169,255500
554,8777,4,5,1949,0,1126,0,1126,2,2,0,520,0,108000
555,10625,7,5,2003,998,1006,1040,2046,4,3,1,871,320,284000
556,6380,5,6,1922,993,1048,0,1048,1,2,1,280,0,113000
557,14850,5,5,1957,1092,1092,0,1092,2,2,1,299,268,141000
558,11040,4,6,1920,637,897,439,1336,2,3,0,570,0,108000
559,21872,7,5,1996,729,729,717,1446,4,3,1,406,264,175000
560,3196,7,5,2003,1374,1557,0,1557,2,2,1,420,143,234000
561,11341,5,6,1957,1392,1392,0,1392,3,3,1,528,0,121500
562,10010,5,5,1974,1389,1389,0,1389,2,2,1,418,240,170000
563,13907,5,6,1940,996,996,0,996,2,3,1,0,144,108000
564,21780,6,7,1918,1163,1163,511,1674,2,4,1,396,72,185000
565,13346,7,5,1992,1095,1166,1129,2295,4,4,1,590,0,268000
566,6858,6,4,1915,806,841,806,1647,3,4,0,216,0,128000
567,11198,9,5,2005,1122,1134,1370,2504,3,4,1,656,144,325000
568,10171,7,5,2004,1517,1535,0,1535,2,3,0,532,0,214000
569,12327,8,8,1983,1496,1496,636,2132,3,1,1,612,349,316600
570,7032,5,5,1979,943,943,0,943,2,2,2,600,42,135960
571,13101,5,5,1965,1728,1728,0,1728,2,6,0,576,0,142600
572,7332,6,6,1959,864,864,0,864,2,2,0,288,168,120000
573,13159,7,5,2009,846,846,846,1692,3,3,0,650,208,224500
574,9967,7,5,2000,384,774,656,1430,3,3,1,400,100,170000
575,10500,5,7,1971,372,576,533,1109,2,3,0,288,35,139000
576,8480,5,5,1947,832,832,384,1216,1,2,0,336,158,118500
577,6292,7,7,1928,861,877,600,1477,3,3,1,216,0,145000
578,11777,5,6,1966,1164,1320,0,1320,2,3,2,564,160,164500
579,3604,7,5,2007,689,703,689,1392,2,2,0,540,0,146000
580,12150,5,5,1954,1050,1050,745,1795,2,4,0,352,0,131500
581,14585,6,6,1960,1144,1429,0,1429,2,3,2,572,216,181900
582,12704,8,5,2008,2042,2042,0,2042,3,3,1,1390,0,253293
583,11841,6,5,1990,816,816,0,816,2,3,0,0,0,118500
584,13500,10,9,1893,1237,1521,1254,2775,4,3,1,880,105,325000
585,6120,4,7,1935,884,989,584,1573,1,3,0,240,0,133000
586,11443,8,5,2005,1868,2028,0,2028,3,2,2,880,326,369900
587,10267,6,7,1918,816,838,0,838,2,2,0,275,0,130000
588,8740,5,6,1982,840,860,0,860,2,2,0,528,0,137000
589,25095,5,8,1968,1437,1473,0,1473,3,1,2,452,0,143000
590,9100,5,6,1930,742,779,0,935,1,2,0,308,0,79500
591,8320,7,5,2004,770,770,812,1582,3,3,0,520,0,185900
592,13478,10,5,2008,1722,1728,568,2296,4,3,1,842,382,451950
593,6600,5,8,1982,816,816,0,816,2,2,0,816,0,138000
594,4435,6,5,2003,848,848,0,848,2,1,0,420,140,140000
595,7990,5,6,1975,924,924,0,924,1,3,0,280,0,110000
596,11302,8,5,2005,1814,1826,0,1826,3,3,1,758,180,319000
597,3600,6,7,1910,684,684,684,1368,1,3,0,216,0,114504
598,3922,7,5,2006,1258,1402,0,1402,4,2,1,648,120,194201
599,12984,5,6,1977,1430,1647,0,1647,3,3,1,621,0,217500
600,1950,6,6,1980,716,716,840,1556,4,3,1,452,161,151000
601,10927,8,5,2005,1058,1058,846,1904,4,3,1,736,179,275000
602,9000,6,6,1937,780,780,595,1375,2,3,1,544,0,141000
603,10041,8,5,1992,908,927,988,1915,4,3,1,506,120,220000
604,3182,7,5,2004,600,600,600,1200,3,2,0,480,0,151000
605,12803,7,5,2002,1494,1494,0,1494,3,3,1,530,192,221000
606,13600,7,6,1965,768,1186,800,1986,3,3,3,486,0,205000
607,12464,5,5,1996,1040,1040,0,1040,2,3,0,576,168,152000
608,7800,5,8,1948,896,1112,896,2008,4,3,0,230,103,225000
609,12168,8,6,1934,965,1940,1254,3194,3,4,2,380,0,359100
610,7943,4,5,1961,1029,1029,0,1029,2,3,0,261,64,118500
611,11050,9,5,2000,1440,1476,677,2153,4,3,2,736,253,313000
612,10395,6,6,1978,1032,1032,0,1032,3,3,1,564,0,148000
613,11885,8,5,2001,1299,1299,573,1872,4,3,1,531,160,261500
614,8402,5,5,2007,1120,1120,0,1120,1,3,0,0,0,147000
615,1491,4,6,1972,630,630,0,630,2,1,0,0,96,75500
616,8800,6,7,1963,936,1054,0,1054,2,3,0,480,120,137500
617,7861,6,5,2002,783,807,702,1509,4,3,1,393,100,183200
618,7227,6,6,1954,832,832,0,832,1,2,0,528,0,105500
619,11694,9,5,2007,1822,1828,0,1828,2,3,1,774,0,314813
620,12244,8,5,2003,1482,1482,780,2262,4,4,2,749,168,305000
621,8248,3,3,1914,864,864,0,864,2,2,0,0,0,67000
622,10800,6,7,1974,1522,1548,1066,2614,3,4,1,624,38,240000
623,7064,5,6,1977,980,980,0,980,1,3,0,484,192,135000
624,2117,6,5,2000,756,756,756,1512,3,2,1,440,0,168500
625,10400,6,5,1972,732,1012,778,1790,4,4,1,484,148,165150
626,10000,6,6,1962,1116,1116,0,1116,2,3,0,440,0,160000
627,12342,5,5,1960,978,1422,0,1422,1,3,1,286,0,139900
628,9600,6,6,1955,1156,1520,0,1520,2,3,2,364,0,153000
629,11606,5,5,1969,1040,1040,1040,2080,4,5,2,504,335,135000
630,9020,6,5,1964,1248,1350,0,1350,3,3,0,520,176,168500
631,9000,5,6,1880,636,1089,661,1750,1,3,0,240,0,124000
632,4590,8,5,2006,1554,1554,0,1554,2,2,1,627,156,209500
633,11900,7,5,1977,1386,1411,0,1411,2,3,1,544,192,82500
634,9250,5,7,1954,1056,1056,0,1056,2,3,0,260,390,139400
635,6979,6,5,1980,1056,1056,0,1056,2,0,0,576,264,144000
636,10896,6,7,1914,1440,1440,1440,3395,2,8,0,0,0,200000
637,6120,2,3,1936,264,800,0,800,1,1,1,0,0,60000
638,6000,5,4,1954,811,811,576,1387,2,3,0,256,0,93000
639,8777,5,7,1910,796,796,0,796,1,2,0,0,328,85000
640,3982,8,5,2006,1520,1567,0,1567,3,1,1,648,312,264561
641,12677,8,5,2003,1518,1518,0,1518,2,1,1,588,185,274000
642,7050,7,5,2001,1057,1057,872,1929,4,3,1,650,0,226000
643,13860,8,7,1972,1952,2000,704,2704,4,4,3,538,269,345000
644,10793,5,5,1969,780,780,840,1620,3,4,0,462,208,152000
645,9187,9,5,2009,1766,1766,0,1766,4,2,1,478,195,370878
646,10530,6,5,1971,981,981,0,981,3,3,0,576,0,143250
647,7200,5,5,1950,0,1048,0,1048,1,3,0,420,0,98300
648,10452,6,5,1953,1094,1094,0,1094,1,3,2,495,0,155000
649,7700,6,5,1966,756,1051,788,1839,2,4,1,442,0,155000
650,1936,4,6,1970,630,630,0,630,2,1,0,0,0,84500
651,8125,7,6,2007,813,822,843,1665,3,3,0,562,0,205950
652,9084,4,5,1940,755,755,755,1510,2,4,1,296,120,108000
653,8750,7,5,1996,880,909,807,1716,3,2,1,512,0,191000
654,10320,6,7,1906,756,756,713,1469,1,3,0,216,57,135000
655,10437,8,6,1995,2109,2113,0,2113,4,2,1,839,236,350000
656,1680,6,5,1971,525,525,567,1092,2,3,0,264,0,88000
657,10007,5,7,1959,1053,1053,0,1053,3,3,0,312,0,145500
658,7200,7,6,1931,776,851,651,1502,2,3,1,270,0,149000
659,17503,6,5,1948,912,912,546,1458,2,3,1,330,192,97500
660,9937,5,7,1964,1486,1486,0,1486,2,3,0,480,0,167000
661,12384,7,7,1976,793,1142,793,1935,3,3,1,550,0,197900
662,46589,8,7,1994,1629,1686,762,2448,4,4,1,711,517,402000
663,13560,6,3,1968,1392,1392,0,1392,2,2,2,576,0,110000
664,10012,4,5,1972,1138,1181,0,1181,3,3,0,588,0,137500
665,20896,8,5,2005,2077,2097,0,2097,3,1,1,1134,192,423000
666,11194,8,5,2000,1406,1454,482,1936,3,3,1,504,188,230500
667,18450,6,5,1965,1021,1465,915,2380,3,3,1,596,0,129000
668,8125,6,5,1994,1408,1679,0,1679,3,3,1,575,224,193500
669,14175,5,6,1956,1188,1437,0,1437,3,3,1,576,304,168000
670,11600,4,5,1922,700,1180,0,1180,1,2,1,252,0,137500
671,8633,6,5,2005,738,738,738,1476,4,3,0,540,100,173500
672,6629,6,6,1925,672,697,672,1369,3,3,0,300,147,103600
673,11250,6,6,1977,1208,1208,0,1208,3,3,1,546,198,165000
674,14442,6,7,1957,1477,1839,0,1839,3,3,2,416,0,257500
675,9200,6,6,1965,1136,1136,0,1136,2,3,1,384,426,140000
676,2289,6,6,1978,855,855,586,1441,3,3,1,440,28,148500
677,9600,4,2,1900,1095,1095,679,1774,3,4,0,779,0,87000
678,9022,5,8,1924,768,792,0,792,1,2,0,240,316,109500
679,11844,8,5,2008,2046,2046,0,2046,3,3,1,834,322,372500
680,9945,5,5,1961,988,988,0,988,2,3,0,572,0,128500
681,8012,6,5,1980,923,923,0,923,2,2,1,264,80,143000
682,4500,5,5,1932,793,848,672,1520,1,3,0,281,0,159434
683,2887,6,5,1996,1291,1291,0,1291,2,2,1,431,307,173000
684,11248,9,5,2002,1626,1668,0,1668,3,3,1,702,257,285000
685,16770,7,5,1998,1195,1195,644,1839,3,4,0,486,0,221000
686,5062,7,5,1984,1190,1190,900,2090,3,3,1,577,219,207500
687,10207,7,6,2007,874,874,887,1761,3,3,0,578,144,227875
688,5105,7,5,2004,551,551,551,1102,3,2,0,480,0,148800
689,8089,8,6,2007,1419,1419,0,1419,3,2,1,567,140,392000
690,7577,6,5,2005,1362,1362,0,1362,2,2,1,460,192,194700
691,4426,6,5,2004,848,848,0,848,2,1,1,420,149,141000
692,21535,10,6,1994,2444,2444,1872,4316,5,4,2,832,382,755000
693,26178,7,5,1989,1210,1238,1281,2519,4,4,2,628,320,335000
694,5400,5,6,1921,1073,1073,0,1073,1,2,0,326,0,108480
695,6120,5,6,1936,927,1067,472,1539,2,3,0,576,112,141500
696,13811,6,6,1987,1112,1137,0,1137,3,2,1,551,125,176000
697,6000,5,7,1921,616,616,0,616,1,2,0,205,0,89000
698,6420,5,7,1952,980,1148,0,1148,2,2,0,308,0,123500
699,8450,5,8,1965,894,894,0,894,2,3,1,336,416,138500
700,4282,7,5,2004,1391,1391,0,1391,2,2,0,530,156,196000
701,14331,8,5,2002,1800,1800,0,1800,3,3,1,765,270,312500
702,9600,7,5,1969,1164,1164,0,1164,2,3,0,528,0,140000
703,12438,8,5,2006,1234,1264,1312,2576,3,4,1,666,324,361919
704,7630,5,9,1900,360,1032,780,1812,2,4,1,672,344,140000
705,8400,7,5,2004,1473,1484,0,1484,3,3,0,606,0,213000
706,5600,4,5,1930,0,372,720,1092,2,3,0,0,0,55000
707,115149,7,5,1971,1643,1824,0,1824,3,2,2,739,380,302000
708,6240,8,5,2006,1324,1324,0,1324,3,2,1,550,192,254000
709,9018,7,5,2007,728,728,728,1456,3,3,1,400,100,179540
710,7162,5,7,1966,876,904,0,904,1,3,0,408,0,109900
711,4130,3,6,1935,270,729,0,729,1,2,0,0,0,52000
712,8712,4,7,1900,859,859,319,1178,1,2,0,384,68,102776
713,4671,8,5,1988,1228,1228,0,1228,3,2,1,472,168,189000
714,9873,4,5,1970,960,960,0,960,2,3,0,576,0,129000
715,13517,6,8,1976,725,725,754,1479,3,3,0,475,0,130500
716,10140,6,5,1974,1064,1350,0,1350,2,3,1,478,0,165000
717,10800,7,8,1890,718,1576,978,2554,2,3,0,704,0,159500
718,10000,5,6,1973,1176,1178,0,1178,3,3,1,439,224,157000
719,10542,7,5,1993,1311,1325,1093,2418,4,3,1,983,250,341000
720,9920,5,6,1969,971,971,0,971,2,3,1,300,0,128500
721,6563,8,5,1985,1742,1742,0,1742,3,2,1,564,114,275000
722,4426,6,5,2004,848,848,0,848,2,1,0,420,160,143000
723,8120,4,7,1970,864,864,0,864,1,3,0,463,0,124500
724,8172,4,6,1954,941,997,473,1470,2,4,0,548,0,135000
725,13286,9,5,2007,1698,1698,0,1698,3,3,1,768,327,320000
726,6960,4,6,1970,864,864,0,864,1,3,0,660,96,120500
727,21695,6,9,1988,880,1680,0,1680,3,3,1,540,292,222000
728,7314,7,5,2007,1232,1232,0,1232,3,2,0,632,132,194500
729,11475,5,5,1958,1584,1776,0,1776,3,4,0,888,0,110000
730,6240,4,5,1925,780,848,0,1208,1,2,0,539,0,103000
731,5389,8,5,1995,1595,1616,0,1616,3,2,1,608,237,236500
732,9590,7,5,2003,868,1146,0,1146,3,3,1,438,160,187500
733,11404,7,5,1998,1153,1153,878,2031,3,3,1,541,192,222500
734,10000,5,6,1961,864,1144,0,1144,2,3,1,264,165,131400
735,8978,5,5,1968,948,948,0,948,1,3,0,300,147,108000
736,10800,7,7,1914,880,880,888,1768,2,2,2,320,0,163000
737,8544,3,4,1950,0,1040,0,1040,2,2,0,400,0,93500
738,10463,8,5,2005,893,901,900,1801,3,3,1,800,0,239900
739,10800,5,5,1987,1200,1200,0,1200,6,3,0,0,120,179000
740,9313,7,5,2004,864,864,864,1728,3,3,0,572,187,190000
741,9600,5,7,1910,264,768,664,1432,2,2,0,360,270,132000
742,6768,6,8,1961,912,912,0,912,3,3,0,288,168,142000
743,8450,7,5,2000,1349,1349,0,1349,2,3,0,539,120,179000
744,12886,5,6,1963,520,1464,0,1464,3,3,1,480,302,175000
745,5395,8,5,1993,1337,1337,0,1337,3,2,1,462,96,180000
746,8963,8,9,1976,1142,1175,1540,2715,5,4,2,831,0,299800
747,8795,7,5,2000,952,980,1276,2256,3,4,1,554,224,236000
748,11700,7,7,1880,1240,1320,1320,2640,2,4,1,864,181,265979
749,10593,7,5,1996,1720,1720,0,1720,3,3,1,527,240,260400
750,8405,4,3,1945,0,1088,441,1529,2,4,0,240,92,98000
751,8800,4,7,1910,576,792,348,1140,1,3,0,0,0,96500
752,7750,7,5,2003,660,660,660,1320,3,3,0,400,0,162000
753,9236,6,5,1997,1479,1494,0,1494,3,3,0,576,168,217000
754,10240,8,5,2005,1030,1038,1060,2098,3,3,1,878,192,275500
755,7930,6,8,1969,1026,1026,0,1026,2,3,0,440,171,156000
756,3230,6,5,1999,729,742,729,1471,3,3,0,440,0,172500
757,10769,8,5,2007,866,866,902,1768,3,3,0,578,144,212000
758,11616,6,5,1978,672,672,714,1386,3,3,1,440,335,158900
759,2280,7,5,1999,744,757,744,1501,3,3,0,440,0,179400
760,12257,8,5,1995,1318,1328,1203,2531,3,4,1,752,222,290000
761,9100,6,6,1959,864,864,0,864,1,2,0,300,0,127500
762,6911,5,5,1924,1145,1301,0,1301,1,2,0,440,0,100000
763,8640,7,5,2009,756,764,783,1547,3,3,0,614,169,215200
764,9430,8,5,1999,1252,1268,1097,2365,4,3,1,856,0,337000
765,9549,8,5,1995,1494,1494,0,1494,3,2,1,481,0,270000
766,14587,9,5,2008,1498,1506,0,1506,2,2,1,592,0,264132
767,10421,7,5,1988,980,980,734,1714,3,3,1,496,228,196500
768,12508,6,7,1940,983,983,767,1750,3,4,0,423,245,160000
769,9100,7,5,2004,1860,1836,0,1836,2,3,1,484,120,216837
770,53504,8,5,2003,1650,1690,1589,3279,5,4,1,841,503,538000
771,7252,5,5,1982,858,858,0,858,2,2,0,576,120,134900
772,8877,4,5,1951,836,1220,0,1220,1,2,0,396,0,102000
773,7819,6,5,1976,1029,1117,0,1117,2,3,1,672,144,107000
774,10150,5,5,1958,912,912,0,912,1,2,0,275,0,114500
775,14226,8,5,2006,1935,1973,0,1973,2,3,1,895,315,395000
776,4500,6,5,1998,1204,1204,0,1204,3,2,0,412,0,162000
777,11210,7,5,2005,1614,1614,0,1614,2,3,0,865,144,221500
778,13350,5,5,1974,864,894,0,894,2,3,1,440,241,142500
779,8400,5,5,1977,0,2020,0,2020,2,4,2,630,0,144000
780,10530,6,5,1977,975,1004,0,1004,2,2,0,504,0,135000
781,7875,7,5,1995,1237,1253,0,1253,2,3,1,402,220,176000
782,7153,6,5,1992,761,810,793,1603,3,3,0,484,0,175900
783,16285,7,5,2001,1413,1430,0,1430,2,3,0,605,0,187100
784,9101,5,6,1978,1097,1110,0,1110,2,1,1,602,303,165500
785,6300,6,6,1914,742,742,742,1484,2,3,1,0,0,128000
786,9790,6,5,1967,1372,1342,0,1342,2,3,1,457,0,161500
787,10800,5,6,1915,686,966,686,1652,3,4,0,416,0,139000
788,10142,7,5,2004,956,956,1128,2084,4,4,0,618,0,233000
789,6000,4,7,1954,901,901,0,901,1,2,0,281,0,107900
790,12205,6,8,1966,832,976,1111,2087,3,5,0,444,133,187500
791,3182,7,5,2005,1145,1145,0,1145,2,2,1,397,100,160200
792,11333,6,5,1976,1029,1062,0,1062,2,3,2,539,120,146800
793,9920,7,5,1996,1117,1127,886,2013,4,3,1,455,180,269790
794,9158,8,5,2007,1496,1496,0,1496,2,3,0,474,168,225000
795,10832,7,5,1994,712,1086,809,1895,3,3,1,409,143,194500
796,8400,6,6,1980,650,888,676,1564,3,3,1,476,0,171000
797,8197,6,5,1977,660,1285,0,1285,2,3,1,528,138,143500
798,7677,5,5,1953,773,773,0,773,1,2,0,240,0,110000
799,13518,9,5,2008,1926,1966,1174,3140,4,4,2,820,144,485000
800,7200,5,7,1937,731,981,787,1768,3,3,2,240,0,175000
801,12798,6,5,1997,616,616,1072,1688,4,4,0,603,403,200000
802,4800,4,7,1916,1196,1196,0,1196,2,2,0,440,0,109900
803,8199,7,5,2005,728,728,728,1456,4,3,1,410,36,189000
804,13891,9,5,2008,1734,1734,1088,2822,4,4,1,1020,52,582933
805,9000,5,5,1954,936,1128,0,1128,1,2,0,286,0,118000
806,12274,7,5,2008,1417,1428,0,1428,2,3,0,554,0,227680
807,9750,5,5,1967,980,980,0,980,2,3,0,384,68,135500
808,21384,5,6,1923,1324,1072,504,1576,4,3,1,528,0,223500
809,13400,5,5,1966,1024,1086,0,1086,2,3,1,484,0,159950
810,8100,5,5,1898,849,1075,1063,2138,2,2,0,360,40,106000
811,10140,6,6,1974,1040,1309,0,1309,3,3,1,484,265,181000
812,4438,6,5,2004,848,848,0,848,2,1,1,420,140,144500
813,8712,5,5,1952,540,1044,0,1044,1,2,0,504,0,55993
814,9750,6,6,1958,1442,1442,0,1442,2,4,0,301,0,157900
815,8248,5,7,1918,686,686,564,1250,3,3,0,280,207,116000
816,12137,7,5,1998,1649,1661,0,1661,2,3,0,598,0,224900
817,11425,5,6,1954,1008,1008,0,1008,1,2,1,275,0,137000
818,13265,8,5,2002,1568,1689,0,1689,3,3,2,857,150,271000
819,8816,6,7,1971,1010,1052,0,1052,2,3,0,440,0,155000
820,6371,7,5,2009,1358,1358,0,1358,3,2,1,484,192,224000
821,7226,7,5,2003,798,798,842,1640,3,3,0,595,0,183000
822,6000,4,4,1953,936,936,0,936,1,2,0,576,0,93000
823,12394,7,5,2003,847,847,886,1733,3,3,1,433,100,225000
824,9900,6,7,1940,778,944,545,1489,2,3,1,240,335,139500
825,11216,8,5,2006,1489,1489,0,1489,2,3,1,776,0,232600
826,14803,10,5,2007,2078,2084,0,2084,3,2,1,1220,188,385000
827,6130,5,6,1924,784,784,0,784,2,2,0,0,0,109500
828,8529,7,5,2001,1454,1434,0,1434,2,3,1,527,290,189000
829,28698,5,5,1967,1013,1160,966,2126,4,3,0,538,486,185000
830,2544,7,5,2005,600,520,623,1223,3,2,0,480,0,147400
831,11900,6,5,1957,1392,1392,0,1392,3,3,2,458,0,166000
832,3180,7,5,2005,600,520,600,1200,3,2,0,480,0,151000
833,9548,7,6,2003,941,941,888,1829,4,3,1,613,192,237000
834,10004,6,6,1964,1516,1516,0,1516,2,3,0,472,0,167000
835,7875,5,6,1961,1144,1144,0,1144,2,3,0,456,0,139950
836,9600,4,7,1950,1067,1067,0,1067,2,2,0,436,290,128000
837,8100,5,6,1948,1559,1559,0,1559,2,2,0,812,0,153500
838,1680,6,5,1973,483,483,504,987,3,2,0,264,0,100000
839,9525,5,6,1995,1099,1099,0,1099,2,3,0,352,278,144000
840,11767,5,6,1946,768,768,432,1200,1,3,0,240,0,130500
841,12155,6,8,1925,672,810,672,1482,2,4,0,400,0,140000
842,10440,5,8,1904,650,958,581,1539,2,3,1,686,70,157500
843,9020,6,7,1966,1127,1165,0,1165,3,3,0,490,0,174900
844,8000,5,4,1961,1800,1800,0,1800,2,6,0,0,0,141000
845,12665,5,8,1915,876,876,540,1416,2,4,1,720,418,153900
846,16647,5,5,1975,1390,1701,0,1701,3,3,2,611,0,171000
847,9317,7,5,1993,740,1006,769,1775,4,3,1,425,234,213000
848,15523,5,6,1972,864,864,0,864,2,3,1,338,0,133500
849,45600,6,8,1908,907,1307,1051,2358,3,5,1,360,486,240000
850,9600,6,7,1976,528,1094,761,1855,3,3,1,512,113,187000
851,4435,6,5,2003,848,848,0,848,2,1,0,420,140,131500
852,3196,8,5,2003,1273,1456,0,1456,2,2,1,400,143,215000
853,7128,7,5,1941,918,918,728,1646,2,4,2,240,0,164000
854,12095,6,6,1964,1127,1445,0,1445,2,3,1,645,180,158000
855,17920,5,4,1955,1763,1779,0,1779,3,3,1,454,0,170000
856,6897,5,8,1962,1040,1040,0,1040,3,3,0,260,0,127000
857,10970,6,6,1978,940,1026,0,1026,2,3,0,576,0,147000
858,8125,6,5,1994,702,702,779,1481,3,3,1,343,0,174000
859,10400,7,5,1976,1090,1370,0,1370,2,3,1,479,0,152000
860,11029,6,7,1968,1054,1512,1142,2654,4,4,1,619,0,250000
861,7642,7,8,1918,912,912,514,1426,2,3,1,216,0,189950
862,11625,5,4,1965,1039,1039,0,1039,3,3,0,504,0,131500
863,9672,6,5,1984,1040,1097,0,1097,2,3,0,480,0,152000
864,7931,5,5,1959,1148,1148,0,1148,2,3,0,672,0,132500
865,8640,7,5,2007,1372,1372,0,1372,2,3,0,529,0,250580
866,8750,5,6,1970,1002,1002,0,1002,2,3,0,902,0,148500
867,10656,8,5,2006,1638,1646,0,1646,2,3,1,870,192,248900
868,6970,4,5,1961,1040,1120,0,1120,3,3,0,544,168,129000
869,14762,5,6,1948,0,1547,720,2320,2,2,1,672,120,169000
870,9938,7,5,1993,1050,1062,887,1949,4,3,1,574,156,236000
871,6600,5,5,1962,894,894,0,894,1,2,0,308,0,109500
872,8750,6,5,1998,804,804,878,1682,3,3,0,523,0,200500
873,8892,5,7,1953,105,910,0,910,1,3,0,414,196,116000
874,12144,5,7,1949,832,1036,0,1268,1,3,1,288,0,133000
875,5720,5,6,1941,676,676,455,1131,2,3,0,200,26,66500
876,9000,8,5,2007,1184,1184,1426,2610,3,4,1,550,208,303477
877,25286,4,5,1963,1064,1040,0,1040,2,3,0,648,0,132250
878,8834,9,5,2004,1462,1462,762,2224,4,4,1,738,184,350000
879,11782,5,7,1961,1109,1155,0,1155,2,3,0,576,192,148000
880,7000,5,8,1978,864,864,0,864,2,3,0,336,0,136500
881,7024,5,5,2005,1090,1090,0,1090,3,2,0,450,0,157000
882,13758,7,5,1990,1156,1187,530,1717,3,3,1,400,168,187500
883,9636,6,5,1992,808,808,785,1593,3,3,1,389,342,178000
884,6204,4,5,1912,795,954,795,2230,2,5,0,440,0,118500
885,7150,5,5,1967,892,892,0,892,1,3,0,288,0,100000
886,5119,9,5,1999,1698,1709,0,1709,3,2,1,506,97,328900
887,8393,5,5,1959,1626,1712,0,1712,2,4,0,588,272,145000
888,16466,5,7,1955,816,872,521,1393,2,3,0,300,121,135500
889,15865,8,6,1970,2217,2217,0,2217,3,4,1,621,81,268000
890,12160,6,4,1953,1505,1505,0,1505,2,2,1,505,0,149500
891,8064,5,7,1949,672,672,252,924,1,3,1,576,0,122900
892,11184,6,5,1978,918,918,765,1683,3,3,1,440,243,172500
893,8414,6,8,1963,1059,1068,0,1068,2,3,0,264,192,154500
894,13284,5,5,1954,1383,1383,0,1383,2,3,1,354,511,165000
895,7018,5,5,1979,0,1535,0,1535,2,4,0,400,0,118858
896,7056,6,5,1963,780,983,813,1796,3,4,1,483,0,140000
897,8765,4,6,1936,951,951,0,951,1,2,0,327,0,106500
898,7018,5,5,1979,0,1120,1120,2240,2,6,0,528,154,142953
899,12919,9,5,2009,2330,2364,0,2364,4,2,2,820,0,611657
900,6993,5,7,1961,912,1236,0,1236,1,3,1,288,0,135000
901,7340,4,6,1971,858,858,0,858,1,2,0,684,0,110000
902,8712,5,7,1957,992,1306,0,1306,2,2,0,756,0,153000
903,7875,7,5,2003,783,807,702,1509,3,3,1,393,0,180000
904,14859,7,5,2006,1670,1670,0,1670,2,3,1,690,144,240000
905,6173,5,6,1967,876,902,0,902,1,3,0,288,0,125500
906,9920,5,5,1954,1056,1063,0,1063,2,3,0,280,0,128000
907,13501,8,5,2006,1623,1636,0,1636,3,3,1,865,0,255000
908,11500,7,7,1936,1017,1020,1037,2057,2,3,1,180,0,250000
909,8885,5,5,1983,864,902,0,902,2,2,0,484,164,131000
910,12589,6,5,2005,742,742,742,1484,3,3,1,390,36,174000
911,11600,5,5,1960,1105,1105,1169,2274,2,5,0,480,0,154300
912,9286,5,7,1977,1268,1268,0,1268,2,3,0,252,173,143500
913,6120,5,7,1925,768,1015,0,1015,1,3,0,450,0,88000
914,6270,5,6,1949,1001,1001,1001,2002,2,4,0,871,0,145000
915,3000,6,5,2009,612,612,612,1224,3,2,0,528,0,173733
916,2001,4,5,1970,546,546,546,1092,2,3,0,286,0,75000
917,9000,2,3,1949,480,480,0,480,1,1,0,308,0,35311
918,17140,4,6,1956,1134,1229,0,1229,1,3,0,284,0,135000
919,13125,7,5,1991,1104,912,1215,2127,4,4,1,833,72,238000
920,11029,6,8,1958,1184,1414,0,1414,2,3,1,601,0,176500
921,8462,6,5,1994,928,936,785,1721,4,3,0,471,300,201000
922,8777,5,7,1900,1272,1272,928,2200,6,4,0,0,0,145900
923,10237,6,5,2005,1316,1316,0,1316,2,3,1,397,100,169990
924,8012,6,5,1993,1604,1617,0,1617,3,2,1,533,0,193000
925,10240,6,6,1980,1686,1686,0,1686,3,3,1,612,384,207500
926,15611,5,6,1977,1126,1126,0,1126,3,3,0,540,180,175000
927,11999,8,5,2003,1181,1234,1140,2374,3,4,1,656,104,285000
928,9900,7,5,1968,832,1098,880,1978,3,4,1,486,0,176000
929,11838,8,5,2001,1753,1788,0,1788,2,3,1,522,202,236500
930,13006,7,5,1997,964,993,1243,2236,3,4,1,642,0,222000
931,8925,8,5,2007,1466,1466,0,1466,2,3,0,610,100,201000
932,9100,5,6,1965,925,925,0,925,2,2,0,429,0,117500
933,11670,9,5,2006,1905,1905,0,1905,2,3,1,788,0,320000
934,8487,7,5,2004,1500,1500,0,1500,2,3,0,570,192,190000
935,27650,7,7,1960,585,2069,0,2069,3,4,1,505,0,242000
936,5825,4,5,1926,600,747,0,747,1,1,0,528,0,79900
937,10083,7,5,2003,1176,1200,0,1200,3,2,0,555,0,184900
938,9675,7,5,2005,1113,1113,858,1971,3,3,1,689,0,253000
939,8760,7,5,2006,1391,1391,571,1962,3,3,0,868,0,239799
940,24090,7,7,1940,1032,1207,1196,2403,2,4,2,349,56,244400
941,12640,6,5,1976,1728,1728,0,1728,2,4,0,574,40,150900
942,8755,7,5,1999,992,1022,1038,2060,4,3,1,390,0,214000
943,7711,4,3,1977,1440,1440,0,1440,4,4,0,0,321,150000
944,25000,5,4,1967,1632,1632,0,1632,2,4,0,576,0,143000
945,14375,6,6,1958,819,1344,0,1344,2,3,1,525,0,137500
946,8820,5,6,1890,1088,1188,561,1869,1,2,0,456,48,124900
947,8163,5,6,1959,1144,1144,0,1144,2,3,1,796,86,143000
948,14536,8,5,2002,1616,1629,0,1629,3,3,1,808,0,270000
949,14006,7,5,2002,936,936,840,1776,3,3,1,474,144,192500
950,9360,6,7,1972,1161,1381,0,1381,3,3,1,676,0,197500
951,7200,5,8,1950,864,864,0,864,2,3,0,720,194,129000
952,7800,5,5,1965,828,965,0,965,2,3,0,300,421,119900
953,7200,5,8,1972,768,768,0,768,2,2,0,396,192,133900
954,11075,5,4,1969,784,1168,800,1968,4,4,1,530,305,172000
955,9400,6,5,1975,945,980,0,980,4,4,0,0,0,127500
956,7136,6,6,1946,979,979,979,1958,2,4,0,492,0,145000
957,1300,6,6,1980,561,561,668,1229,2,2,1,462,150,124000
958,7420,5,5,1962,1057,1057,0,1057,1,3,0,576,0,132000
959,8450,7,5,2003,1337,1337,0,1337,3,3,0,531,0,185000
960,2572,7,5,1999,696,696,720,1416,4,3,0,484,0,155000
961,7207,5,7,1958,858,858,0,858,2,2,0,0,117,116500
962,12227,6,7,1977,1330,1542,1330,2872,4,4,1,619,550,272000
963,2308,6,6,1976,804,804,744,1548,4,3,1,440,48,155000
964,11923,9,5,2007,1800,1800,0,1800,2,2,0,702,288,239000
965,11316,7,5,2002,817,824,1070,1894,4,4,1,510,0,214900
966,10237,6,5,2005,783,783,701,1484,3,3,1,393,0,178900
967,9600,5,7,1940,728,976,332,1308,3,2,2,256,0,160000
968,7390,5,7,1955,1098,1098,0,1098,2,3,0,260,0,135000
969,5925,3,6,1910,600,600,368,968,1,2,0,0,0,37900
970,10382,6,5,1958,588,1095,0,1095,2,2,0,264,0,140000
971,10800,4,4,1949,720,720,472,1192,2,4,0,0,0,135000
972,2268,7,5,2003,764,764,862,1626,2,2,0,474,0,173000
973,7892,6,5,1979,918,918,0,918,2,2,1,264,28,99500
974,11639,7,5,2007,1428,1428,0,1428,2,3,0,480,0,182000
975,11414,7,8,1910,728,1136,883,2019,1,3,0,532,509,167500
976,2651,7,5,2000,673,673,709,1382,4,3,0,490,153,165000
977,5900,4,7,1923,440,869,0,869,1,2,0,0,0,85500
978,4274,7,5,2006,1241,1241,0,1241,3,1,0,569,0,199900
979,9450,4,5,1954,894,894,0,894,1,3,0,400,0,110000
980,8816,5,6,1963,1121,1121,0,1121,2,3,0,480,0,139000
981,12122,7,9,1961,944,999,0,999,2,3,0,588,144,178400
982,12203,8,5,1998,1225,1276,1336,2612,4,4,1,676,250,336000
983,3182,7,5,2007,1266,1266,0,1266,2,2,1,388,100,159895
984,11250,8,5,2002,1128,1149,1141,2290,3,4,1,779,0,255900
985,10125,5,5,1977,0,1302,432,1734,2,4,0,539,0,126000
986,10880,5,5,1950,1164,1164,0,1164,2,3,0,240,0,125000
987,5310,6,8,1910,485,1001,634,1635,1,2,0,255,394,117000
988,10159,9,5,2009,1930,1940,0,1940,4,3,1,606,168,395192
989,12046,6,6,1976,848,1118,912,2030,3,4,1,551,0,195000
990,8125,7,5,2006,770,778,798,1576,3,3,0,614,0,197000
991,9452,8,5,1997,1396,1407,985,2392,4,3,1,870,0,348000
992,17671,8,9,1882,916,916,826,1742,2,4,1,424,0,168000
993,9760,6,8,1964,822,1020,831,1851,3,3,1,440,239,187000
994,8846,6,5,2005,750,750,750,1500,3,3,0,564,0,173900
995,12456,10,5,2006,1700,1718,0,1718,3,3,1,786,216,337500
996,4712,4,7,1946,747,774,456,1230,3,3,0,305,0,121600
997,10659,5,6,1961,1050,1050,0,1050,2,3,0,368,0,136500
998,11717,6,6,1970,1442,1442,0,1442,2,2,1,615,371,185000
999,9786,3,4,1922,1007,1077,0,1077,1,3,1,210,0,91000
1000,6762,7,5,2006,1187,1208,0,1208,3,2,0,632,105,206000
1001,10206,3,3,1952,0,944,0,944,1,2,0,528,0,82000
1002,5400,5,6,1920,691,691,0,691,1,2,0,216,0,86000
1003,11957,8,5,2006,1574,1574,0,1574,2,3,1,824,144,232000
1004,11500,5,6,1976,1680,1680,0,1680,2,4,0,528,0,136905
1005,3182,7,5,2005,1346,1504,0,1504,2,1,1,457,156,181000
1006,8385,5,8,1977,985,985,0,985,2,3,0,328,210,149900
1007,12155,6,3,1970,1657,1657,0,1657,3,3,1,484,0,163500
1008,2217,4,4,1970,546,546,546,1092,2,3,0,286,238,88000
1009,12118,7,5,2004,1710,1710,0,1710,2,3,1,550,100,240000
1010,6000,5,5,1926,1008,1008,0,1522,2,4,0,0,0,102000
1011,21286,5,5,1948,720,720,551,1271,2,4,1,312,0,135000
1012,9825,5,5,1965,0,1664,0,1664,2,4,0,0,0,100000
1013,10592,6,7,1923,602,900,602,1502,2,3,2,180,96,165000
1014,7200,5,4,1910,1022,1022,0,1022,2,2,0,280,0,85000
1015,11664,6,5,1948,1082,1082,0,1082,1,2,1,240,0,119200
1016,8400,8,6,2001,810,810,855,1665,4,3,0,528,0,227000
1017,11883,7,5,1996,1504,1504,0,1504,3,3,1,478,115,203000
1018,5814,8,5,1984,1220,1360,0,1360,2,1,1,565,63,187500
1019,10784,7,5,1991,384,802,670,1472,3,3,1,402,164,160000
1020,3013,7,5,2005,1362,1506,0,1506,2,2,1,440,142,213490
1021,7024,4,5,2005,1132,1132,0,1132,3,2,0,451,252,176000
1022,7406,7,5,2006,1199,1220,0,1220,3,2,0,632,105,194000
1023,9439,5,5,1930,912,912,336,1248,1,2,0,160,0,87000
1024,3182,7,5,2005,1346,1504,0,1504,2,2,1,437,156,191000
1025,15498,8,6,1976,1565,2898,0,2898,3,2,1,665,0,287000
1026,7700,5,5,1972,882,882,0,882,2,3,0,461,96,112500
1027,9300,5,5,1960,1268,1264,0,1264,2,3,2,461,0,167500
1028,9520,8,5,2007,1638,1646,0,1646,3,3,1,800,192,293077
1029,9492,5,5,1941,768,968,408,1376,2,3,1,240,0,105000
1030,1680,6,7,1972,672,672,546,1218,3,3,0,264,0,118000
1031,7082,5,8,1916,686,948,980,1928,2,5,0,0,0,160000
1032,15863,7,3,1920,824,1687,998,3082,4,5,2,672,136,197000
1033,14541,8,7,1993,1338,1352,1168,2520,4,5,1,796,209,310000
1034,8125,7,5,2002,1654,1654,0,1654,3,3,0,900,0,230000
1035,6305,5,7,1938,920,954,0,954,1,2,1,240,0,119750
1036,11500,4,3,1957,0,845,0,845,1,3,0,290,186,84000
1037,12898,9,5,2007,1620,1620,0,1620,3,2,1,912,228,315500
1038,9240,8,5,2001,1055,1055,1208,2263,3,3,1,905,0,287000
1039,1533,4,6,1970,546,798,546,1344,2,3,1,0,0,97000
1040,1477,4,4,1970,630,630,0,630,2,1,0,286,0,80000
1041,13125,5,4,1957,1134,1803,0,1803,3,3,1,484,0,155000
1042,9130,6,8,1966,800,800,832,1632,3,4,0,484,0,173000
1043,5381,6,5,2005,1306,1306,0,1306,3,1,1,624,170,196000
1044,11839,7,5,1990,1475,1532,797,2329,4,4,1,514,192,262280
1045,9600,8,5,1981,2524,2524,0,2524,4,4,1,542,474,278000
1046,13680,3,5,1955,0,1733,0,1733,2,4,1,452,0,139600
1047,16056,9,5,2005,1992,1992,876,2868,4,4,1,716,214,556581
1048,9245,5,5,1994,990,990,0,990,2,3,0,672,0,145000
1049,21750,5,4,1960,0,1771,0,1771,1,3,1,336,0,115000
1050,11100,4,7,1946,0,930,0,930,1,2,0,308,0,84900
1051,8993,7,5,2007,1302,1302,0,1302,2,3,0,436,0,176485
1052,11175,7,5,2007,1316,1316,0,1316,2,3,1,440,0,200141
1053,9500,6,6,1964,816,1127,850,1977,3,4,1,540,0,165000
1054,8562,5,6,1957,1216,1526,0,1526,1,4,1,364,116,144500
1055,11367,8,5,2002,1065,1091,898,1989,4,3,1,586,199,255000
1056,11361,6,5,1976,1193,1523,0,1523,3,3,1,478,0,180000
1057,7052,7,5,2005,1364,1364,0,1364,3,2,1,484,192,185850
1058,29959,7,6,1994,973,979,871,1850,3,3,1,467,168,248000
1059,11308,9,5,2008,1104,1130,1054,2184,4,3,1,836,0,335000
1060,11275,6,7,1932,854,1096,895,1991,2,3,1,432,0,220000
1061,4920,8,5,2001,1338,1338,0,1338,3,2,0,582,0,213500
1062,18000,3,4,1935,894,894,0,894,1,2,0,1248,0,81000
1063,13600,5,5,1900,662,1422,915,2337,2,5,0,560,0,90000
1064,6000,6,6,1925,1103,1103,0,1103,1,2,1,440,166,110500
1065,11000,5,6,1966,1154,1154,0,1154,2,3,1,480,0,154000
1066,14000,7,5,1996,1306,1306,954,2260,4,3,0,533,296,328000
1067,7837,6,7,1993,799,799,772,1571,3,3,1,380,0,178000
1068,9760,6,6,1964,780,798,813,1611,3,4,0,442,328,167900
1069,3964,6,4,1973,942,1291,1230,2521,4,5,1,576,728,151400
1070,9600,5,7,1949,845,893,0,893,2,2,0,576,0,135000
1071,10152,5,5,1956,1048,1048,0,1048,2,3,0,286,0,135000
1072,11700,6,6,1968,727,829,727,1556,2,4,0,441,0,154000
1073,7585,5,3,1948,810,1002,454,1456,3,4,1,280,0,91500
1074,7950,6,6,1977,690,698,728,1426,2,3,0,440,252,159500
1075,8556,7,5,2006,1240,1240,0,1240,2,2,0,826,140,194000
1076,13125,7,6,1940,800,960,780,1740,2,3,2,240,0,219500
1077,10800,5,8,1936,796,1096,370,1466,3,3,1,566,436,170000
1078,15870,5,5,1969,1096,1096,0,1096,2,3,0,299,240,138800
1079,4435,6,5,2004,848,848,0,848,2,1,1,420,140,155900
1080,8775,5,5,1994,990,990,0,990,1,3,0,299,0,126000
1081,11040,6,7,1971,1258,1258,0,1258,3,3,0,528,55,145000
1082,7500,5,5,1963,1040,1040,0,1040,3,3,0,308,0,133000
1083,8749,7,5,2002,1459,1459,0,1459,2,3,1,527,192,192000
1084,8800,6,6,1964,1251,1251,0,1251,2,3,2,461,0,160000
1085,13031,6,5,1995,691,691,807,1498,3,3,1,409,315,187500
1086,9069,6,6,1992,936,996,0,996,2,2,0,564,120,147000
1087,1974,4,5,1973,546,546,546,1092,2,3,0,286,120,83500
1088,10574,8,5,2005,1082,1082,871,1953,3,3,1,1043,160,252000
1089,2522,7,5,2004,970,970,739,1709,2,3,0,380,0,137500
1090,3316,8,5,2005,1247,1247,0,1247,3,1,1,550,0,197000
1091,8544,3,4,1950,0,1040,0,1040,2,2,0,400,0,92900
1092,2160,7,5,1999,600,624,628,1252,4,2,0,462,0,160000
1093,8400,6,5,1925,1181,1390,304,1694,2,4,1,576,342,136500
1094,9230,5,8,1965,864,1200,0,1200,3,1,0,884,0,146000
1095,5868,5,7,1956,936,936,0,936,2,2,0,308,0,129000
1096,9317,6,5,2006,1314,1314,0,1314,2,3,1,440,0,176432
1097,6882,6,7,1914,684,773,582,1355,2,3,0,0,136,127000
1098,3696,8,5,1986,1074,1088,0,1088,2,2,0,461,0,170000
1099,6000,4,6,1936,672,757,567,1324,1,3,0,240,0,128000
1100,11880,7,5,1978,1271,1601,0,1601,2,3,1,478,0,157000
1101,8400,2,5,1920,290,438,0,438,1,1,0,246,0,60000
1102,9758,5,5,1971,950,950,0,950,1,3,0,280,0,119500
1103,7000,5,7,1960,1010,1134,0,1134,1,2,0,254,0,135000
1104,8910,6,6,1959,655,1194,0,1194,2,3,1,539,0,159500
1105,2016,5,5,1970,630,630,672,1302,3,3,0,440,0,106000
1106,12256,8,5,1994,1463,1500,1122,2622,4,3,2,712,186,325000
1107,10357,7,5,1990,910,1442,0,1442,3,3,1,719,0,179900
1108,23257,7,5,2006,868,887,1134,2021,3,3,1,422,0,274725
1109,8063,6,5,2000,924,948,742,1690,3,3,1,463,100,181000
1110,11362,8,5,2004,1836,1836,0,1836,3,3,1,862,125,280000
1111,8000,6,5,1995,773,773,885,1658,4,3,1,431,224,188000
1112,10480,7,6,1976,803,1098,866,1964,3,4,1,483,0,205000
1113,7100,5,7,1957,816,816,0,816,2,2,0,308,0,129900
1114,8923,5,7,1953,1008,1008,0,1008,2,2,0,240,0,134500
1115,5400,5,7,1954,833,833,0,833,1,2,0,326,0,117000
1116,12085,8,5,2007,1734,1734,0,1734,3,3,1,928,0,318000
1117,7750,8,5,2002,408,779,640,1419,4,3,1,527,120,184100
1118,9764,5,7,1967,894,894,0,894,2,3,0,450,0,130000
1119,13825,5,6,1958,533,1021,580,1601,2,3,0,300,280,140000
1120,7560,5,5,1959,1040,1040,0,1040,1,3,0,286,140,133700
1121,8263,6,5,1920,1012,1012,0,1012,1,2,1,308,0,118400
1122,10084,7,5,2005,1552,1552,0,1552,2,3,0,782,144,212900
1123,8926,4,3,1956,672,960,0,960,1,3,0,288,64,112000
1124,9405,5,9,1947,698,698,0,698,2,2,0,0,0,118000
1125,9125,7,5,1992,384,812,670,1482,3,3,1,392,100,163900
1126,10434,4,5,1955,1005,1005,0,1005,1,2,1,672,0,115000
1127,3684,7,5,2007,1373,1555,0,1555,2,2,1,660,143,174000
1128,14572,7,5,2004,1530,1530,0,1530,3,3,1,630,144,259000
1129,11796,7,5,2004,847,847,1112,1959,3,4,1,434,100,215000
1130,7200,5,5,1980,936,936,0,936,2,2,0,672,49,140000
1131,7804,4,3,1928,1122,1328,653,1981,3,4,2,576,431,135000
1132,10712,5,5,1991,974,974,0,974,1,3,0,0,0,93500
1133,9900,6,4,1880,1008,1178,1032,2210,2,5,0,205,0,117500
1134,9828,8,5,1995,1128,1142,878,2020,3,3,1,466,0,239500
1135,8773,6,5,1997,916,916,684,1600,3,3,1,460,100,169000
1136,6180,6,5,1926,960,986,0,986,1,2,1,180,0,102000
1137,9600,6,5,1950,1032,1032,220,1252,1,3,0,288,0,119000
1138,6342,5,8,1875,780,780,240,1020,1,2,0,0,0,94000
1139,9819,6,5,1977,1567,1567,0,1567,3,2,2,714,264,196000
1140,8731,5,5,1920,915,1167,0,1167,1,3,1,495,0,144000
1141,7350,5,7,1951,952,952,0,952,2,2,0,840,0,139000
1142,10304,5,7,1976,780,1088,780,1868,4,4,1,484,448,197500
1143,9965,8,5,2006,1466,1466,1362,2828,4,4,1,1052,125,424870
1144,9000,5,3,1959,1006,1006,0,1006,1,3,0,0,0,80000
1145,12180,4,4,1941,672,672,252,924,2,2,0,280,0,80000
1146,6240,5,6,1928,1042,1042,534,1576,1,3,1,225,0,149000
1147,11200,6,5,1985,1298,1298,0,1298,3,3,1,403,165,180000
1148,12000,7,7,1941,704,860,704,1564,2,3,1,234,0,174500
1149,5700,7,7,1926,572,572,539,1111,1,2,1,288,0,116900
1150,9000,7,9,1920,650,832,650,1482,2,3,0,324,0,143000
1151,8280,6,5,1950,932,932,0,932,1,2,1,306,0,124000
1152,17755,5,4,1959,1466,1466,0,1466,2,3,2,528,0,149900
1153,14115,6,7,1956,1073,1811,0,1811,1,2,1,470,0,230000
1154,5890,6,8,1930,816,816,0,816,1,2,0,432,0,120500
1155,13700,7,6,1965,864,902,918,1820,3,4,2,492,60,201800
1156,10768,5,8,1976,1437,1437,0,1437,3,3,1,528,0,218000
1157,9350,5,8,1965,1219,1265,0,1265,3,3,1,502,0,179900
1158,5001,7,5,2007,1314,1314,0,1314,3,2,1,626,172,230000
1159,11932,8,5,2007,1580,1580,0,1580,2,3,0,830,0,235128
1160,9120,6,6,1974,901,943,933,1876,3,4,1,540,0,185000
1161,2280,6,5,1978,855,855,601,1456,3,3,1,440,26,146000
1162,14778,6,7,1954,1296,1640,0,1640,2,3,1,924,108,224000
1163,8724,5,5,1968,894,894,0,894,1,3,1,450,0,129000
1164,12900,4,4,1969,1198,1258,0,1258,4,0,0,400,120,108959
1165,16157,5,7,1978,1360,1432,0,1432,3,2,1,588,168,194000
1166,9541,7,5,2009,1502,1502,0,1502,2,3,0,644,0,233170
1167,10475,8,5,2008,1694,1694,0,1694,2,3,0,776,160,245350
1168,10852,6,5,2000,959,959,712,1671,4,3,1,472,0,173000
1169,13728,6,7,1935,1127,1236,872,2108,2,4,2,540,0,235000
1170,35760,10,5,1995,1930,1831,1796,3627,5,4,1,807,361,625000
1171,9880,6,6,1977,1096,1118,0,1118,2,3,1,358,203,171000
1172,9120,6,6,1958,1261,1261,0,1261,2,3,1,433,0,163000
1173,4017,7,5,2006,625,625,625,1250,3,2,0,625,0,171900
1174,18030,5,6,1946,1598,1636,971,3086,3,3,1,0,122,200500
1175,16560,6,8,1932,952,1170,1175,2345,3,4,1,360,0,239000
1176,10678,8,5,1992,1683,2129,743,2872,3,4,1,541,0,285000
1177,6951,5,5,1984,876,923,0,923,2,3,0,264,362,119500
1178,3950,6,8,1926,818,818,406,1224,1,3,0,210,0,115000
1179,7681,5,6,1921,731,820,523,1343,2,3,1,186,192,154900
1180,8335,5,5,1954,0,1124,0,1124,1,3,1,0,0,93000
1181,11170,7,5,1990,1216,1298,1216,2514,3,4,0,693,0,250000
1182,5587,8,5,2008,1600,1652,0,1652,4,2,1,482,162,392500
1183,15623,10,5,1996,2396,2411,2065,4476,5,4,2,813,171,745000
1184,10800,5,6,1920,1120,1130,0,1130,2,2,1,720,229,120000
1185,35133,5,4,1963,1572,1572,0,1572,3,3,2,995,0,186700
1186,9738,5,7,1924,784,949,272,1221,2,4,0,392,0,104900
1187,10615,3,5,1900,978,1014,685,1699,3,3,0,420,0,95000
1188,12461,8,5,1994,1624,1624,0,1624,3,2,1,757,0,262000
1189,8935,7,5,2002,831,831,829,1660,3,3,0,493,144,195000
1190,7500,7,5,1999,994,1028,776,1804,3,3,1,442,140,189000
1191,32463,4,4,1961,1249,1622,0,1622,2,3,1,1356,439,168000
1192,2645,8,5,1999,776,764,677,1441,3,2,0,492,206,174000
1193,9600,5,8,1925,702,842,630,1472,1,3,0,250,0,125000
1194,4500,6,5,1999,1224,1224,0,1224,3,2,0,402,0,165000
1195,9364,6,7,1969,663,663,689,1352,2,4,0,299,379,158000
1196,8029,6,5,2005,728,728,728,1456,3,3,0,400,100,176000
1197,14054,7,5,2006,879,879,984,1863,3,4,1,660,100,219210
1198,8850,7,6,1916,815,815,875,1690,1,3,1,225,0,144000
1199,9100,7,5,2001,1212,1212,0,1212,2,3,0,573,356,178000
1200,11235,4,5,1963,1051,1382,0,1382,2,3,1,459,0,148000
1201,9353,4,5,1970,864,864,0,864,1,3,0,280,0,116050
1202,10400,7,5,1998,866,866,913,1779,3,3,0,546,198,197900
1203,6000,5,8,1925,884,884,464,1348,2,3,1,216,0,117000
1204,9750,7,5,2000,1630,1630,0,1630,2,3,1,451,74,213000
1205,10140,5,6,1975,1056,1074,0,1074,3,3,0,495,0,153500
1206,14684,7,7,1990,2158,2196,0,2196,2,3,1,701,84,271900
1207,8900,4,4,1966,1056,1056,0,1056,2,2,0,384,0,107000
1208,9135,6,5,2003,1682,1700,0,1700,3,3,0,544,192,200000
1209,7763,5,7,1962,931,1283,0,1283,2,3,0,506,0,140000
1210,10182,8,5,2006,1660,1660,0,1660,3,3,1,500,322,290000
1211,11218,6,5,1992,1055,1055,790,1845,3,3,1,462,635,189000
1212,12134,8,7,1988,559,1080,672,1752,2,4,0,492,325,164000
1213,9340,4,6,1941,672,672,0,672,2,2,0,234,0,113000
1214,10246,4,9,1965,648,960,0,960,2,0,0,364,88,145000
1215,10205,5,5,1962,925,999,0,999,2,3,0,300,150,134500
1216,7094,5,5,1966,894,894,0,894,1,3,0,384,0,125000
1217,8930,6,5,1978,0,1318,584,1902,2,4,0,539,0,112000
1218,8640,8,5,2009,1300,1314,0,1314,3,3,0,552,135,229456
1219,6240,4,5,1947,0,672,240,912,1,2,0,0,0,80500
1220,1680,6,5,1971,672,672,546,1218,2,3,0,0,201,91500
1221,7800,5,5,1964,912,912,0,912,1,2,0,288,0,115000
1222,8250,5,5,1968,952,1211,0,1211,1,3,1,322,0,134000
1223,10496,6,6,1949,1040,1168,678,1846,2,3,1,315,0,143000
1224,10680,5,3,1951,2136,2136,0,2136,2,4,0,528,0,137900
1225,15384,7,5,2004,788,788,702,1490,4,3,1,388,100,184000
1226,10482,6,8,1958,588,1138,0,1138,2,3,0,264,224,145000
1227,14598,6,5,2007,894,894,1039,1933,3,4,1,668,100,214000
1228,8872,5,8,1965,912,912,0,912,2,2,0,576,0,147000
1229,8769,9,5,2008,1702,1702,0,1702,3,1,1,1052,0,367294
1230,7910,5,5,1960,1075,1507,0,1507,2,4,0,404,0,127000
1231,18890,5,5,1977,1361,1361,1259,2620,4,4,1,600,155,190000
1232,7728,5,6,1962,1106,1190,0,1190,2,3,0,540,0,132500
1233,9842,4,5,1962,0,1224,0,1224,2,2,0,462,0,101800
1234,12160,5,5,1959,1188,1188,0,1188,2,3,0,531,0,142000
1235,8525,5,6,1911,940,1024,940,1964,2,4,0,0,0,130000
1236,13132,5,5,1914,747,892,892,1784,2,4,0,180,203,138887
1237,2628,7,5,2003,764,764,862,1626,3,2,0,474,0,175500
1238,12393,7,5,2004,847,847,1101,1948,3,4,1,434,100,195000
1239,13072,6,5,2005,1141,1141,0,1141,2,3,0,484,0,142500
1240,9037,8,5,2006,1476,1484,0,1484,2,2,1,472,120,265900
1241,8158,7,5,2003,884,884,884,1768,4,3,0,543,0,224900
1242,9849,7,6,2007,1689,1689,0,1689,2,3,0,954,0,248328
1243,10625,7,6,1974,1053,1173,0,1173,3,3,2,528,0,170000
1244,13891,10,5,2006,2076,2076,0,2076,4,2,1,850,216,465000
1245,11435,8,7,1929,792,792,725,1517,1,3,2,400,0,230000
1246,12090,6,7,1984,585,1140,728,1868,4,3,1,477,268,178000
1247,8125,7,5,2005,756,756,797,1553,3,3,0,615,0,186500
1248,12328,6,5,1976,1012,1034,0,1034,2,3,0,888,0,169900
1249,9600,6,5,1917,735,1134,924,2058,2,3,1,396,0,129500
1250,7200,5,7,1950,876,988,0,988,1,3,0,276,0,119000
1251,11160,7,5,1968,2110,2110,0,2110,4,3,2,522,0,244000
1252,3136,7,5,2003,1405,1405,0,1405,2,2,1,478,148,171750
1253,9858,5,6,1968,864,874,0,874,2,3,0,288,33,130000
1254,17542,7,7,1974,1192,1516,651,2167,4,3,2,518,220,294000
1255,6931,7,5,2003,746,760,896,1656,3,3,1,397,178,165400
1256,6240,6,6,1931,884,959,408,1367,1,3,1,560,0,127500
1257,14303,8,5,1994,1986,1987,0,1987,3,2,1,691,262,301500
1258,4060,5,8,1922,864,864,0,864,1,2,0,0,0,99900
1259,9587,7,5,2005,856,1166,0,1166,3,2,0,400,212,190000
1260,9750,6,8,1969,1054,1054,0,1054,3,3,0,460,180,151000
1261,24682,6,5,1999,841,892,783,1675,3,3,1,502,0,181000
1262,9600,5,6,1956,1050,1050,0,1050,1,2,0,338,0,128900
1263,11250,4,5,1957,1104,1104,684,1788,2,5,2,304,120,161500
1264,13515,6,6,1919,764,1060,764,1824,1,3,1,520,0,180500
1265,4060,6,5,1998,1405,1337,0,1337,3,2,0,511,144,181000
1266,3735,7,5,1999,691,713,739,1452,4,3,0,506,0,183900
1267,10120,7,4,1910,925,964,925,1889,2,4,1,308,0,122000
1268,13214,9,5,2008,2002,2018,0,2018,2,3,1,746,144,378500
1269,14100,8,9,1935,728,1968,1479,3447,4,4,2,1014,314,381000
1270,11344,5,5,1958,874,874,650,1524,2,3,0,315,0,144000
1271,23595,7,6,1979,1332,1332,192,1524,3,0,1,586,268,260000
1272,9156,6,7,1968,1489,1489,0,1489,2,3,1,462,0,185750
1273,13526,5,6,1965,935,935,0,935,2,3,0,288,180,137000
1274,11512,6,7,1959,1019,1357,0,1357,2,2,1,312,0,177000
1275,5362,5,6,1910,661,661,589,1250,2,3,1,552,242,139000
1276,11345,5,5,1948,928,928,992,1920,2,4,0,400,0,137000
1277,12936,6,6,1972,723,735,660,1395,3,3,1,497,294,162000
1278,17871,6,5,1967,1680,1724,0,1724,3,3,1,480,0,197900
1279,9473,8,5,2002,1128,1128,903,2031,4,3,1,577,0,237000
1280,7500,4,4,1920,698,698,430,1128,1,2,0,528,30,68400
1281,9808,7,5,2002,1573,1573,0,1573,3,3,0,544,0,227000
1282,8049,7,5,1990,1309,1339,0,1339,3,2,1,484,0,180000
1283,8800,5,7,1977,1040,1040,0,1040,2,3,0,484,0,150500
1284,9400,6,5,1971,912,912,912,1824,4,4,0,0,128,139000
1285,9638,6,7,1919,804,1699,748,2447,2,4,1,336,272,169000
1286,6000,6,6,1939,780,825,587,1412,1,4,1,280,45,132500
1287,9790,6,5,1963,1328,1328,0,1328,3,3,2,528,0,143000
1288,36500,5,5,1964,1624,1582,0,1582,3,4,0,390,168,190000
1289,5664,8,5,2000,1501,1659,0,1659,3,2,1,499,212,278000
1290,11065,8,5,2006,1085,1120,850,1970,3,3,1,753,177,281000
1291,14112,5,7,1964,1152,1152,0,1152,2,3,1,484,227,180500
1292,1680,5,7,1972,630,630,672,1302,3,3,0,264,185,119500
1293,6600,5,4,1892,994,1378,994,2372,2,4,0,432,0,107500
1294,10140,7,5,1976,832,832,832,1664,3,4,1,528,0,162900
1295,8172,5,7,1955,864,864,0,864,2,2,0,572,0,115000
1296,8400,5,5,1968,1052,1052,0,1052,3,3,0,288,356,138500
1297,8700,5,6,1963,1120,1128,0,1128,3,3,0,525,192,155000
1298,3675,6,5,2005,547,1072,0,1072,3,2,0,525,0,140000
1299,63887,10,5,2008,6110,4692,950,5642,5,3,3,1418,214,160000
1300,7500,5,7,1959,1246,1246,0,1246,3,3,0,305,218,154000
1301,10762,7,5,1999,978,1005,978,1983,3,3,1,490,0,225000
1302,7500,6,7,1942,771,753,741,1494,1,3,2,213,0,177500
1303,10120,8,5,1994,1165,1203,1323,2526,4,4,1,844,309,290000
1304,8688,7,5,2005,1616,1616,0,1616,2,3,0,834,208,232000
1305,3363,7,5,2004,976,976,732,1708,2,3,0,380,0,130000
1306,13173,9,5,2006,1652,1652,0,1652,3,2,2,840,404,325000
1307,6955,7,5,2005,1368,1368,0,1368,2,2,1,474,132,202500
1308,8072,5,5,1994,990,990,0,990,2,3,0,480,0,138000
1309,12000,5,7,1948,924,1122,0,1122,2,2,0,528,0,147000
1310,7153,6,5,1991,1278,1294,0,1294,3,3,0,496,112,179200
1311,17500,7,8,1959,1902,1902,0,1902,3,3,2,567,0,335000
1312,8814,7,5,2005,1274,1274,0,1274,3,3,0,508,264,203000
1313,9572,8,5,1990,1453,1453,1357,2810,3,4,1,750,500,302000
1314,14774,9,5,1999,1393,1422,1177,2599,3,4,1,779,668,333168
1315,8190,4,6,1954,948,948,0,948,2,3,1,280,0,119000
1316,11075,6,5,1969,952,1092,1020,2112,3,4,2,576,280,206900
1317,10226,8,5,2008,1622,1630,0,1630,3,3,1,860,172,295493
1318,4230,7,5,2006,1352,1352,0,1352,2,2,1,466,0,208900
1319,14781,8,5,2001,1753,1787,0,1787,2,3,1,748,198,275000
1320,10215,4,5,1954,864,948,0,948,1,3,0,248,0,111000
1321,8400,6,3,1957,1478,1478,0,1478,3,3,2,442,114,156500
1322,6627,3,6,1949,0,720,0,720,1,2,0,287,0,72500
1323,10186,7,5,1992,750,1061,862,1923,4,3,1,564,240,190000
1324,5330,4,7,1940,420,708,0,708,1,2,0,0,164,82500
1325,9986,8,5,2006,1795,1795,0,1795,2,2,1,895,0,147000
1326,3636,4,4,1922,796,796,0,796,1,2,0,0,0,55000
1327,4270,3,6,1931,544,774,0,774,1,3,0,0,0,79000
1328,6600,5,9,1982,816,816,0,816,2,3,1,264,0,130500
1329,10440,6,7,1920,1510,1584,1208,2792,2,5,2,520,0,256000
1330,9084,7,5,1998,935,955,677,1632,3,3,1,462,0,176500
1331,10000,8,5,2006,1588,1588,0,1588,2,3,1,825,144,227000
1332,10780,5,5,1976,911,954,0,954,1,3,0,576,0,132500
1333,8877,4,6,1938,816,816,0,816,2,2,1,288,0,100000
1334,7200,5,6,1938,803,803,557,1360,2,2,0,297,0,125500
1335,2368,5,6,1970,765,765,600,1365,2,3,0,440,0,125000
1336,9650,6,5,1977,1350,1334,0,1334,3,2,1,630,0,167900
1337,9246,5,5,1973,1656,1656,0,1656,2,4,0,506,0,135000
1338,4118,4,4,1941,693,693,0,693,1,2,0,0,0,52500
1339,13450,7,5,2002,916,920,941,1861,4,3,0,492,146,200000
1340,9560,5,7,1972,864,864,0,864,1,3,0,288,0,128500
1341,8294,4,5,1971,858,872,0,872,1,3,0,480,0,123000
1342,13695,6,5,2003,1114,1114,0,1114,2,3,0,576,0,155000
1343,9375,8,5,2002,1284,1284,885,2169,3,3,1,647,192,228500
1344,7558,6,6,1928,896,1172,741,1913,2,3,1,342,0,177000
1345,11103,7,5,2006,728,728,728,1456,3,3,1,440,0,155835
1346,6000,4,4,1920,960,960,0,960,1,2,0,308,0,108500
1347,20781,7,7,1968,1568,2156,0,2156,2,3,1,508,0,262500
1348,15306,8,5,2006,1732,1776,0,1776,3,3,1,712,0,283463
1349,16196,7,5,1998,1482,1494,0,1494,3,3,1,514,402,215000
1350,5250,8,5,1872,684,938,1215,2358,2,4,0,0,0,122000
1351,11643,5,5,1969,1248,1338,1296,2634,6,6,0,968,0,200000
1352,9247,6,6,1962,858,858,858,1716,2,4,1,490,0,171000
1353,6000,6,9,1937,698,786,390,1176,1,2,0,624,210,134900
1354,14720,8,5,1995,2033,2053,1185,3238,4,4,1,666,283,410000
1355,10316,7,5,2000,992,992,873,1865,4,3,1,839,0,235000
1356,10192,7,6,1968,570,1222,698,1920,3,4,1,487,0,170000
1357,9477,5,5,1966,864,892,0,892,1,3,0,264,0,110000
1358,12537,5,6,1971,1078,1078,0,1078,3,3,1,500,0,149900
1359,2117,6,5,2000,756,769,804,1573,3,3,0,440,0,177500
1360,16737,9,5,2004,1980,1980,0,1980,3,3,1,770,194,315000
1361,9842,5,6,1921,612,990,1611,2601,4,4,0,621,183,189000
1362,16158,7,5,2005,1530,1530,0,1530,3,3,1,430,168,260000
1363,12513,4,4,1920,715,1281,457,1738,2,4,1,368,55,104900
1364,8499,6,5,2006,616,616,796,1412,3,3,1,432,0,156932
1365,3180,7,5,2005,600,520,600,1200,3,2,0,480,0,144152
1366,7500,7,5,2000,814,814,860,1674,4,3,0,663,0,216000
1367,9179,7,5,1999,873,882,908,1790,4,3,0,588,0,193000
1368,2665,5,6,1977,757,925,550,1475,2,4,1,336,104,127000
1369,4435,6,5,2003,848,848,0,848,2,1,0,420,140,144000
1370,10635,8,5,2003,1657,1668,0,1668,3,3,1,502,0,232000
1371,5400,4,6,1920,840,840,534,1374,1,2,0,338,0,105000
1372,9600,6,6,1955,992,1661,0,1661,2,3,1,377,0,165500
1373,9750,7,6,1998,1108,1108,989,2097,4,3,1,583,253,274300
1374,11400,10,5,2001,2633,2633,0,2633,4,2,2,804,314,466500
1375,10625,7,5,2005,1026,1026,932,1958,3,3,1,936,154,250000
1376,10991,8,5,2007,1571,1571,0,1571,2,3,1,722,100,239000
1377,6292,6,5,1930,768,790,0,790,1,2,0,160,0,91000
1378,10998,5,5,1941,984,984,620,1604,2,3,0,660,0,117000
1379,1953,6,5,1973,483,483,504,987,2,2,0,264,72,83000
1380,9735,5,5,2006,384,754,640,1394,3,3,0,400,100,167500
1381,8212,3,3,1914,864,864,0,864,2,2,0,200,0,58500
1382,12925,6,7,1970,1205,2117,0,2117,3,4,2,550,0,237500
1383,7200,7,7,1920,596,998,764,1762,3,4,0,576,36,157000
1384,25339,5,7,1918,816,1416,0,1416,2,3,0,576,0,112000
1385,9060,6,5,1939,560,698,560,1258,1,2,0,280,0,105000
1386,5436,4,8,1922,796,796,358,1154,2,3,0,240,0,125500
1387,16692,7,5,1978,1392,1392,1392,2784,5,5,2,564,0,250000
1388,8520,6,7,1916,714,1664,862,2526,2,5,1,216,88,136000
1389,14892,9,5,2006,1746,1746,0,1746,3,3,2,758,201,377500
1390,6000,6,6,1941,735,869,349,1218,2,3,1,440,0,131000
1391,9100,7,5,2000,1525,1525,0,1525,3,3,0,541,219,235000
1392,8944,5,5,1967,1584,1584,0,1584,2,4,0,792,0,124000
1393,7838,5,5,1967,864,900,0,900,2,3,1,288,175,123000
1394,10800,6,7,1905,482,1221,691,1912,2,3,1,672,0,163000
1395,4045,7,5,2006,1356,1500,0,1500,3,2,1,648,161,246578
1396,12665,8,5,2005,1094,1133,1349,2482,3,4,1,642,144,281213
1397,57200,5,5,1948,747,1687,0,1687,2,3,2,572,0,160000
1398,6120,5,8,1920,939,939,574,1513,2,4,0,180,24,137500
1399,7200,5,4,1950,1208,1136,768,1904,3,3,0,240,0,138000
1400,6171,6,6,1925,976,1160,448,1608,3,3,1,216,147,137450
1401,6000,6,7,1929,862,950,208,1158,1,3,1,208,0,120000
1402,7415,6,5,2004,839,864,729,1593,4,3,1,398,100,193000
1403,6762,7,5,2006,1286,1294,0,1294,2,2,1,662,168,193879
1404,15256,8,5,2007,1485,1464,0,1464,3,3,0,754,168,282922
1405,10410,3,4,1915,672,694,520,1214,1,3,0,936,216,105000
1406,3842,8,5,2004,1594,1646,0,1646,4,2,1,482,128,275000
1407,8445,5,7,1972,768,768,0,768,2,2,0,396,58,133000
1408,8780,5,5,1985,833,833,0,833,2,3,0,0,0,112000
1409,7740,4,7,1910,622,741,622,1363,1,3,0,528,0,125500
1410,20544,7,6,1986,791,1236,857,2093,3,3,1,542,364,215000
1411,12420,7,5,2001,944,944,896,1840,4,3,0,622,0,230000
1412,9600,6,8,1950,856,1112,556,1668,2,3,0,271,0,140000
1413,7200,4,5,1949,0,1040,0,1040,2,2,0,420,0,90000
1414,10994,8,5,2005,1844,1844,0,1844,3,2,1,620,165,257000
1415,13053,6,7,1923,833,1053,795,1848,2,4,1,370,0,207000
1416,3635,7,5,2007,1386,1569,0,1569,3,1,1,660,143,175900
1417,11340,4,6,1885,777,1246,1044,2290,2,4,0,560,0,122500
1418,16545,8,5,1998,1284,1310,1140,2450,4,3,1,1069,0,340000
1419,9204,5,5,1963,1144,1144,0,1144,3,3,0,336,0,124000
1420,16381,6,5,1969,1844,1844,0,1844,3,3,1,540,0,223000
1421,11700,6,6,1968,708,708,708,1416,3,3,1,776,0,179900
1422,4043,6,5,1977,1069,1069,0,1069,2,2,1,440,0,127500
1423,4435,6,5,2003,848,848,0,848,2,1,0,420,140,136500
1424,19690,6,7,1966,697,1575,626,2201,2,4,1,432,586,274970
1425,9503,5,5,1958,1024,1344,0,1344,2,2,1,484,316,144000
1426,10721,6,6,1959,1252,1252,0,1252,1,3,0,528,0,142000
1427,10944,7,5,1994,1223,1223,904,2127,4,3,2,525,171,271000
1428,10930,5,6,1945,913,1048,510,1558,3,3,1,288,0,140000
1429,7200,5,7,1940,788,804,0,804,2,2,2,240,0,119000
1430,12546,6,7,1981,1440,1440,0,1440,2,3,1,467,0,182900
1431,21930,5,5,2005,732,734,1104,1838,3,4,1,372,100,192140
1432,4928,6,6,1976,958,958,0,958,2,2,0,440,0,143750
1433,10800,4,6,1927,656,968,0,968,2,4,0,216,0,64500
1434,10261,6,5,2000,936,962,830,1792,4,3,1,451,0,186500
1435,17400,5,5,1977,1126,1126,0,1126,3,3,1,484,295,160000
1436,8400,6,9,1962,1319,1537,0,1537,3,3,1,462,0,174000
1437,9000,4,6,1971,864,864,0,864,1,3,0,528,0,120500
1438,12444,8,5,2008,1932,1932,0,1932,3,2,1,774,0,394617
1439,7407,6,7,1957,912,1236,0,1236,2,2,0,923,0,149700
1440,11584,7,6,1979,539,1040,685,1725,3,3,1,550,0,197000
1441,11526,6,7,1922,588,1423,748,2555,2,3,1,672,431,191000
1442,4426,6,5,2004,848,848,0,848,2,1,1,420,149,149300
1443,11003,10,5,2008,1017,1026,981,2007,4,3,1,812,168,310000
1444,8854,6,6,1916,952,952,0,952,1,2,1,192,0,121000
1445,8500,7,5,2004,1422,1422,0,1422,2,3,0,626,192,179600
1446,8400,6,5,1966,814,913,0,913,2,3,0,240,0,129000
1447,26142,5,7,1962,1188,1188,0,1188,1,3,0,312,261,157900
1448,10000,8,5,1995,1220,1220,870,2090,4,3,1,556,0,240000
1449,11767,4,7,1910,560,796,550,1346,2,2,0,384,168,112000
1450,1533,5,7,1970,630,630,0,630,2,1,0,0,0,92000
1451,9000,5,5,1974,896,896,896,1792,4,4,0,0,32,136000
1452,9262,8,5,2008,1573,1578,0,1578,2,3,1,840,0,287090
1453,3675,5,5,2005,547,1072,0,1072,2,2,0,525,0,145000
1454,17217,5,5,2006,1140,1140,0,1140,1,3,0,0,36,84500
1455,7500,7,5,2004,1221,1221,0,1221,3,2,0,400,0,185000
1456,7917,6,5,1999,953,953,694,1647,3,3,1,460,0,175000
1457,13175,6,6,1978,1542,2073,0,2073,3,3,2,500,349,210000
1458,9042,7,9,1941,1152,1188,1152,2340,2,4,2,252,0,266500
1459,9717,5,6,1950,1078,1078,0,1078,2,2,0,240,366,142125
1460,9937,5,6,1965,1256,1256,0,1256,3,3,0,276,736,147500
